,Compound,Date,Negative,Neutral,Positive,Source,Text,Tweets Ago
0,0.0,Tue Aug 28 18:56:05 +0000 2018,1.0,0.0,0.0,@BBC,"üê¢ Scientists have found new evidence confirming that turtles once lived without shells.
üëâ https://t.co/xLIFJNJdh1 https://t.co/VUcP8zguW7",1
1,0.5423,Tue Aug 28 18:03:04 +0000 2018,0.78,0.0,0.22,@BBC,A conversation with a homeless man inspired Stephen to attempt the unusual challenge of crossing the Alps on a spac‚Ä¶ https://t.co/w6h0Yhe5bf,2
2,0.0,Tue Aug 28 16:01:02 +0000 2018,1.0,0.0,0.0,@BBC,üòÇ If Britney's songs were Scottish. https://t.co/Em0LRQmbFt,3
3,0.5994,Tue Aug 28 14:51:38 +0000 2018,0.795,0.0,0.205,@BBC,"RT @BBCOne: Be careful who you trust.

#Bodyguard. Continues Sundays at 9pm on @BBCOne. Or available to watch on @BBCiPlayer: https://t.co/‚Ä¶",4
4,0.3612,Tue Aug 28 14:51:32 +0000 2018,0.848,0.0,0.152,@BBC,"RT @BBCiPlayer: Watch the highlights from Reading and Leeds Festivals on BBC iPlayer üôå 
https://t.co/AfQl9nXavO https://t.co/KGbRUouFCZ",5
5,0.0,Tue Aug 28 13:02:04 +0000 2018,1.0,0.0,0.0,@BBC,"Once upon a time, two early humans of different ancestry met at a cave in Russia.

50,000 years later, scientists h‚Ä¶ https://t.co/oOCBlGLFqQ",6
6,0.0,Tue Aug 28 12:48:59 +0000 2018,1.0,0.0,0.0,@BBC,@BBCTravelShow is on @BBCiPlayer now üëâ https://t.co/Sqn5y0xC80,7
7,0.4767,Tue Aug 28 12:00:18 +0000 2018,0.728,0.0,0.272,@BBC,üçÖ Neighbourhood gardens are providing important access to fresh food in urban areas. https://t.co/wLol6vY5rW,8
8,0.8316,Tue Aug 28 11:33:00 +0000 2018,0.63,0.0,0.37,@BBC,"This sweet, sticky rice is hit 100 times with a mallet to create a delicious Japanese dessert. üçöüî® #TheTravelShow https://t.co/jLazGPrVH1",9
9,-0.296,Tue Aug 28 11:01:01 +0000 2018,0.896,0.104,0.0,@BBC,üçØ Honey and over-the-counter meds should be the first line of treatment for most people with coughs to avoid antibi‚Ä¶ https://t.co/di9e7UgCm9,10
10,0.4215,Tue Aug 28 08:00:16 +0000 2018,0.823,0.0,0.177,@BBC,"‚ù§Ô∏èüêæ So many puppies and kittens will be safer because of this.
#LucysLaw https://t.co/LyF6u8hy2n",11
11,0.0,Tue Aug 28 07:26:06 +0000 2018,1.0,0.0,0.0,@BBC,"What's the real price of getting rid of plastic packaging?
üëâ https://t.co/RyTb9nF0CF https://t.co/MwiKgBExnZ",12
12,0.128,Tue Aug 28 07:00:13 +0000 2018,0.821,0.077,0.103,@BBC,üò≤ Researchers have created a virtual reality system that tricks your brain into thinking you have unlimited space t‚Ä¶ https://t.co/zo6iUmhwoN,13
13,0.624,Mon Aug 27 20:01:03 +0000 2018,0.806,0.0,0.194,@BBC,"Nikki Bedi interviews one of Britain's most successful - and outspoken - actors, @rizmc.

Riz Ahmed: Road to Englis‚Ä¶ https://t.co/PACKut4MfU",14
14,0.0772,Mon Aug 27 19:36:00 +0000 2018,0.936,0.0,0.064,@BBC,"üôà Walking in on your mum. The last thing you want to see. Ever. 

#Wanderlust starring Toni Collette | September 4‚Ä¶ https://t.co/C8JHV3ym5j",15
15,0.5859,Mon Aug 27 19:03:04 +0000 2018,0.752,0.062,0.186,@BBC,"In this revealingly intimate documentary, Adrian Chiles takes a long hard look at his own love of boozing. üç∫

Drink‚Ä¶ https://t.co/mDtI8RH9Qk",16
16,-0.4939,Mon Aug 27 18:12:05 +0000 2018,0.862,0.138,0.0,@BBC,More than half of Borneo's orangutans have perished since 1999; their habitats destroyed to make way for palm oil p‚Ä¶ https://t.co/SIm7DMFEgU,17
17,0.0,Mon Aug 27 17:05:04 +0000 2018,1.0,0.0,0.0,@BBC,üéª The incredible orchestra with a difference. https://t.co/v9oGw3x47H,18
18,0.0772,Mon Aug 27 16:03:04 +0000 2018,0.944,0.0,0.056,@BBC,"An increasing number of South Korean women are choosing not to marry, not to have children, and not even to have re‚Ä¶ https://t.co/Ae3Q2qtHTc",19
19,0.0,Mon Aug 27 14:08:03 +0000 2018,1.0,0.0,0.0,@BBC,"üòÇüêãüöå 'Before there were London buses, what did we use to measure blue whales?' https://t.co/Tmv8QZe8e7",20
20,0.296,Mon Aug 27 12:11:04 +0000 2018,0.891,0.0,0.109,@BBC,"‚öñÔ∏èüêß More than 19,000 animals at @ZSLLondonZoo have had their vital statistics taken for the annual weigh-in.
üëâ‚Ä¶ https://t.co/H7JPVMODto",21
21,0.5719,Mon Aug 27 10:05:03 +0000 2018,0.793,0.0,0.207,@BBC,üåªüåª The Pop-Up Farm has been created by a Hertfordshire farmer to help people learn about farming in a different way‚Ä¶ https://t.co/E4PnTp3eLS,22
22,0.0,Mon Aug 27 09:01:02 +0000 2018,1.0,0.0,0.0,@BBC,"Three uninhabited Orkney islands have been put up for sale together for offers over ¬£200,000.
üëâ‚Ä¶ https://t.co/5318XAYLFf",23
23,-0.3818,Mon Aug 27 08:10:04 +0000 2018,0.843,0.157,0.0,@BBC,"Why this bloodless testing device could be a game-changer in the fight against malaria.
#BBCInnovators https://t.co/2kRsfLzxOJ",24
24,-0.4003,Sun Aug 26 19:39:07 +0000 2018,0.828,0.172,0.0,@BBC,"RT @BBCOne: üö® Consider this your 30-minute warning! üö®
#Bodyguard. Starts tonight at 9pm, @BBCOne. https://t.co/m8JzlprYRG",25
25,-0.7269,Sun Aug 26 19:13:06 +0000 2018,0.469,0.408,0.122,@BBC,"A troubled war veteran is assigned to protect a controversial politician...

#Bodyguard | 9pm | @BBCOne |‚Ä¶ https://t.co/SopVXMpTWg",26
26,0.0,Sun Aug 26 18:05:00 +0000 2018,1.0,0.0,0.0,@BBC,"üïµÔ∏èüòÇ Did you know Sherlock is Indian? 
#GoodnessGraciousMe https://t.co/quFCCTvECl",27
27,0.5719,Sun Aug 26 16:46:09 +0000 2018,0.619,0.0,0.381,@BBC,"The perfect picnic doesn't exi- 
#NationalDogDay https://t.co/hCE7MqzF2P",28
28,0.0,Sun Aug 26 16:32:00 +0000 2018,1.0,0.0,0.0,@BBC,"This sketch was discovered in Germany, but could it be by British artist Henry Moore? Fiona Bruce and @PhilipMould‚Ä¶ https://t.co/gGf2OFwsVI",29
29,0.296,Sun Aug 26 15:05:02 +0000 2018,0.81,0.067,0.124,@BBC,"üò¥ It‚Äôs hard to overstate the benefits of a night‚Äôs rest for human memory, and neuroscientists are just beginning to‚Ä¶ https://t.co/GK81wfxhJ3",30
30,0.0,Sun Aug 26 14:07:04 +0000 2018,1.0,0.0,0.0,@BBC,The boat that ROCKED ü§òhttps://t.co/4avyIFuoot,31
31,-0.6808,Sun Aug 26 12:06:05 +0000 2018,0.705,0.295,0.0,@BBC,"üìñ The murderer turned author who published clues to his crimes.
üëâhttps://t.co/ITArfoXazg https://t.co/BSXLone9P7",32
32,0.4404,Sun Aug 26 11:01:06 +0000 2018,0.868,0.0,0.132,@BBC,üéì Aidan has cerebral palsy so he used eye gaze technology to complete his degree in creative writing...and got a fi‚Ä¶ https://t.co/KMxNJIYrPv,33
33,0.0,Sun Aug 26 10:09:08 +0000 2018,1.0,0.0,0.0,@BBC,üíâ Scientists believe they have found a reliable way to transform donor blood into the universal type needed for saf‚Ä¶ https://t.co/rU3YmogzMa,34
34,0.2023,Sun Aug 26 09:26:05 +0000 2018,0.909,0.0,0.091,@BBC,üòç Photographs of golden retriever puppies playing with lion and tiger cubs at a wildlife park in Beijing are meltin‚Ä¶ https://t.co/1Qfwlhs37j,35
35,0.4404,Sun Aug 26 09:08:05 +0000 2018,0.861,0.0,0.139,@BBC,ü•ìüç≥ @Libertines frontman @PeteDoherty will have his name inscribed on a wall of fame in a Margate cafe after scoffin‚Ä¶ https://t.co/I9URg2sXjn,36
36,-0.5994,Sun Aug 26 08:00:14 +0000 2018,0.843,0.157,0.0,@BBC,"This father and son thought they were going to die at sea. 
Then 13 year old Joe did something incredible. 
(via‚Ä¶ https://t.co/ygLkik2sjB",37
37,0.0,Sun Aug 26 07:42:20 +0000 2018,1.0,0.0,0.0,@BBC,RT @BBCWorld: US Senator John McCain dies aged 81 https://t.co/Sge1AtsTtk,38
38,0.0,Sun Aug 26 07:12:02 +0000 2018,1.0,0.0,0.0,@BBC,ü¶éüé® How do chameleons change colour?  https://t.co/4fbUTZLbO7,39
39,0.7003,Sat Aug 25 21:01:07 +0000 2018,0.756,0.0,0.244,@BBC,"Three friends decide to turn their fantasy vacation into reality after one of their group gets engaged. üé¨üçø

Zindagi‚Ä¶ https://t.co/73RISRIQPx",40
40,0.4199,Sat Aug 25 18:07:04 +0000 2018,0.715,0.0,0.285,@BBC,‚ù§Ô∏èü¶î All animals need someone like Joan! https://t.co/45ldsfXqNC,41
41,0.4019,Sat Aug 25 17:18:16 +0000 2018,0.863,0.0,0.137,@BBC,RT @bbcstories: From slave plantations to #nottinghillcarnival2018 - How steel pans brought harmony to Europe‚Äôs biggest Caribbean event. ht‚Ä¶,42
42,0.6369,Sat Aug 25 17:18:08 +0000 2018,0.682,0.0,0.318,@BBC,RT @BBCOne: Love. Sex. It's complicated. This is #Wanderlust. https://t.co/rnZLvWi0JT,43
43,0.0,Sat Aug 25 17:00:19 +0000 2018,1.0,0.0,0.0,@BBC,"Is identity different online? 

@BBCThree spoke to four of the most followed young Asian influencers in the country‚Ä¶ https://t.co/D15TpRXt2X",44
44,0.4019,Sat Aug 25 16:00:15 +0000 2018,0.816,0.0,0.184,@BBC,üíÉüï∫ Meet the dancer bringing 'rent parties' from Harlem to the UK. https://t.co/hXpLZXNXnc,45
45,0.8271,Sat Aug 25 15:02:06 +0000 2018,0.607,0.0,0.393,@BBC,"üê¶üì∏ Vibrant pink flamingos triumphed over diving gannets and hungry robins, taking top spot in 2018's Bird Photograp‚Ä¶ https://t.co/fbkCntCFjY",46
46,0.4215,Sat Aug 25 14:42:30 +0000 2018,0.833,0.0,0.167,@BBC,"""I want you guys to sing it so loud Chester can hear you, are you ready to do that?""

üíî @MikeShinoda's‚Ä¶ https://t.co/rHda95PHNg",47
47,0.0,Sat Aug 25 14:00:15 +0000 2018,1.0,0.0,0.0,@BBC,üçª + üßò‚Äç‚ôÄÔ∏èüßò‚Äç‚ôÇÔ∏è = üòä https://t.co/n3nkO3TkhD,48
48,0.3612,Sat Aug 25 13:00:20 +0000 2018,0.839,0.0,0.161,@BBC,"üòãüç´@BegumNadiya's tear'n'share mocha swirls are guaranteed to put a smile on your face. 
#NadiyasFamilyFavourites https://t.co/xmbPUB13wF",49
49,-0.1027,Sat Aug 25 12:00:17 +0000 2018,0.638,0.202,0.16,@BBC,"üé® The women impressionists forgotten by history.
üëâ https://t.co/tCmgdobORS https://t.co/5tJAw51rHf",50
50,0.0,Sat Aug 25 11:07:04 +0000 2018,1.0,0.0,0.0,@BBC,"‚ùÑÔ∏èüåù Scientists say they have definitive evidence for water-ice on the surface of the Moon.
üëâ https://t.co/3vkqKzkmRT https://t.co/sdTP7tdpK5",51
51,0.0,Sat Aug 25 09:45:20 +0000 2018,1.0,0.0,0.0,@BBC,RT @BBCR1: What's you're all-time favourite Reading &amp; Leeds performance? @paramore? @BiffyClyro? @Nirvana? @ArcticMonkeys? @disclosure? @fo‚Ä¶,52
52,0.0,Sat Aug 25 09:00:19 +0000 2018,1.0,0.0,0.0,@BBC,"Of all your education, a very few specific skills will determine the rationality of your decision making. 

Take‚Ä¶ https://t.co/kosxQqPPRi",53
53,0.0,Sat Aug 25 08:00:06 +0000 2018,1.0,0.0,0.0,@BBC,"Five-year-old Otto competed in a para-triathlon seven months after major surgery on his spine. 

‚ù§Ô∏è He wanted to ra‚Ä¶ https://t.co/Brxs6na4eN",54
54,0.0,Fri Aug 24 20:03:07 +0000 2018,1.0,0.0,0.0,@BBC,"The story of how British Asians came of age as they found their voice and identity. üé∂

Pump Up the Bhangra: The Sou‚Ä¶ https://t.co/UooVjCCTRM",55
55,0.0,Fri Aug 24 18:02:07 +0000 2018,1.0,0.0,0.0,@BBC,"üòÇüóû It's India's favourite newspaper... The Delhi Mail!  
#GoodnessGraciousMe https://t.co/z8FpkFoFE9",56
56,0.3182,Fri Aug 24 15:59:00 +0000 2018,0.874,0.0,0.126,@BBC,"Me leaving work in a calm and orderly fashion ahead of the  üéâTHREE üéâDAY üéâWEEKEND üéâ

#FridayFeeling #BankHoliday https://t.co/x9zFn90J3W",57
57,0.784,Fri Aug 24 14:58:04 +0000 2018,0.744,0.0,0.256,@BBC,RT @BBCTwo: Happy Birthday @StephenFry! Here‚Äôs one of our favourite clips ever featuring your good self and a rather randy parrot‚Ä¶ üòÇüò≥ https‚Ä¶,58
58,0.0,Fri Aug 24 14:22:04 +0000 2018,1.0,0.0,0.0,@BBC,"RT @BBCOne: Find your dancing shoes üëû üë†

#Strictly returns to BBC One soon. @bbcstrictly. https://t.co/yqOYHGXMqP",59
59,0.0,Fri Aug 24 13:07:53 +0000 2018,1.0,0.0,0.0,@BBC,"üå° The next few years could be 'anomalously warm', according to a new study.
üëâ https://t.co/jKfnBaFiCA https://t.co/GHZglCJXGS",60
60,0.0516,Fri Aug 24 12:01:06 +0000 2018,0.926,0.0,0.074,@BBC,"üòÇ When you catch your wife reading the Victorian version of 50 Shades Of Grey. 
#Quacks https://t.co/WsShUpzOJm",61
61,0.0,Fri Aug 24 11:00:12 +0000 2018,1.0,0.0,0.0,@BBC,üßÄ A substance found by archaeologists working in an Ancient Egyptian tomb has proved to be one of the oldest cheese‚Ä¶ https://t.co/1e3wwLTYzw,62
62,0.0,Fri Aug 24 08:43:01 +0000 2018,1.0,0.0,0.0,@BBC,@BBCTravelShow is on @BBCiPlayer now! https://t.co/vORksfNnB7 üçâüêª,63
63,-0.4939,Fri Aug 24 08:00:15 +0000 2018,0.862,0.138,0.0,@BBC,More than half of Borneo's orangutans have perished since 1999; their habitats destroyed to make way for palm oil p‚Ä¶ https://t.co/K4hcJybtsU,64
64,0.0,Fri Aug 24 07:27:06 +0000 2018,1.0,0.0,0.0,@BBC,"15-20% of US contact lens users dispose of them in bathroom drains, increasing plastic pollution in the environment‚Ä¶ https://t.co/xTvugVsIBd",65
65,0.0,Fri Aug 24 07:00:10 +0000 2018,1.0,0.0,0.0,@BBC,üòÆüôåüóº Not what you'd normally find in a back garden... https://t.co/Qo13wjnFO9,66
66,0.0,Thu Aug 23 19:00:22 +0000 2018,1.0,0.0,0.0,@BBC,üçìü§ñ Meet the strawberry picking robot. https://t.co/oVL1eYXeBt,67
67,0.5859,Thu Aug 23 18:02:06 +0000 2018,0.833,0.0,0.167,@BBC,"Twenty familiar faces from the worlds of show business, music and sport compete to win the 2018 title... Celebrity‚Ä¶ https://t.co/b8ah90rqci",68
68,0.0,Thu Aug 23 17:31:00 +0000 2018,1.0,0.0,0.0,@BBC,Would you travel to Japan to meet Melonbear? https://t.co/aiiuz98vMp,69
69,0.7345,Thu Aug 23 16:01:05 +0000 2018,0.721,0.0,0.279,@BBC,"RT @BBCOne: Be a nice person ‚úÖ
Never give up ‚úÖ
Answer back ‚úÖ

And other valuable life advice from @LennyHenry! https://t.co/pYyyfqeKOq",70
70,0.0,Thu Aug 23 16:00:00 +0000 2018,1.0,0.0,0.0,@BBC,"Do you give a fork? üç¥
#PlasticsAction https://t.co/Zs6OXgNdM6",71
71,-0.5106,Thu Aug 23 15:55:24 +0000 2018,0.858,0.142,0.0,@BBC,"RT @BBCNews: GCSE results day is stressful for a lot of people üòñ

Here are some tips on how to cope https://t.co/zjny0yFCjX https://t.co/io‚Ä¶",72
72,0.0,Thu Aug 23 15:49:59 +0000 2018,1.0,0.0,0.0,@BBC,"RT @bbcpress: üé¨ @BBCThree's #Fleabag series two cast announced as filming commences, with Andrew Scott joining the show: https://t.co/nH6LF‚Ä¶",73
73,0.0,Thu Aug 23 14:27:01 +0000 2018,1.0,0.0,0.0,@BBC,"South Korean boy band @BTS_twt will appear in the 2019 edition of the Guinness Book of World Records - twice! 
üëâ‚Ä¶ https://t.co/DkTcQLeqJD",74
74,0.0,Thu Aug 23 13:08:17 +0000 2018,1.0,0.0,0.0,@BBC,"RT @BBC_Teach: Did you know that GCSEs are 30 years old this year?

Take a trip down memory lane with this 1988 clip from John Craven's New‚Ä¶",75
75,-0.4215,Thu Aug 23 13:00:22 +0000 2018,0.823,0.177,0.0,@BBC,"From 'preating' to 'orbiting' - which toxic dating trend are you guilty of?
üëâ https://t.co/O4dQkQAqlM https://t.co/p39IuVrUVI",76
76,0.4445,Thu Aug 23 12:03:06 +0000 2018,0.673,0.0,0.327,@BBC,üê∂üç¶ Almost too adorable to eat... https://t.co/Cf3gUwmFqH,77
77,-0.3612,Thu Aug 23 11:00:19 +0000 2018,0.889,0.111,0.0,@BBC,"üò≤ A woman has had a contact lens removed from her eyelid 28 years after it was thought to have fallen out.
üëâ‚Ä¶ https://t.co/okaXLrAjDn",78
78,0.4019,Thu Aug 23 09:56:02 +0000 2018,0.717,0.096,0.188,@BBC,"RT @BBCOne: Walking in on your mum. The last thing you want to see. Ever.

#Wanderlust starring Toni Collette explores love and forbidden d‚Ä¶",79
79,0.0,Thu Aug 23 09:15:16 +0000 2018,1.0,0.0,0.0,@BBC,"RT @BBC6Music: #AllDayRave
Thursday with...
6am @graemepark
7am @DirkandJurgen w/ @shaunwkeaveny &amp; @nemonemetaxas 
10am @laurenlaverne w/ @‚Ä¶",80
80,0.4199,Thu Aug 23 09:09:35 +0000 2018,0.772,0.081,0.147,@BBC,"RT @BBC6Music: We‚Äôre ‚Äòaving a rave! üôå
All day today we‚Äôre celebrating 30 years of UK club culture. No playlist, plenty of your requests and‚Ä¶",81
81,0.6597,Thu Aug 23 08:55:54 +0000 2018,0.787,0.0,0.213,@BBC,"RT @BBC_Teach: It's #gcseresultsday2018

#BBCMindSet are live NOW with support and advice to help you choose your next step 

Just click he‚Ä¶",82
82,0.6369,Thu Aug 23 08:00:08 +0000 2018,0.724,0.0,0.276,@BBC,"This woman is the best thing since sliced bread.
(via @BBCThree) https://t.co/1TUeJRVuJs",83
83,0.3182,Thu Aug 23 07:25:03 +0000 2018,0.874,0.0,0.126,@BBC,Examination of a mummy has revealed the original ancient Egyptian embalming recipe - first used to preserve bodies.‚Ä¶ https://t.co/m4dEcDrGEY,84
84,0.0,Thu Aug 23 07:00:06 +0000 2018,1.0,0.0,0.0,@BBC,"ü¶î üíï Only one in 100,000 hedgehogs are born with the recessive gene for albinism. https://t.co/os5fY2IdID",85
85,0.2263,Wed Aug 22 18:01:04 +0000 2018,0.909,0.0,0.091,@BBC,Meet the brothers who customise millions of pounds worth of supercars‚Ä¶ and live at home with Mum and Dad. https://t.co/GKWVG8MN9K,86
86,-0.6486,Wed Aug 22 17:03:05 +0000 2018,0.677,0.323,0.0,@BBC,"NEWS JUST IN: TV is dead. 

#TheLennyHenryBirthdayShow | 8pm | @BBCOne https://t.co/BcAdHUwEFT",87
87,0.0,Wed Aug 22 16:03:06 +0000 2018,1.0,0.0,0.0,@BBC,How Vince‚Äôs experience as a Paralympian led him to set up a company making bespoke wheelchairs. https://t.co/oiij2R8Auk,88
88,-0.5859,Wed Aug 22 16:01:01 +0000 2018,0.806,0.194,0.0,@BBC,RT @BBCRadio4: Venezuela is desperately trying to stop out-of-control prices. Here‚Äôs how they got to where they were before the new currenc‚Ä¶,89
89,-0.4939,Wed Aug 22 14:08:06 +0000 2018,0.868,0.132,0.0,@BBC,"Cases of measles in Europe have hit a record high with 41,000 people infected in the first six months of 2018, acco‚Ä¶ https://t.co/pmnPXDndJI",90
90,0.5093,Wed Aug 22 13:32:04 +0000 2018,0.87,0.0,0.13,@BBC,"RT @BBCTwo: By order of the #PeakyBlinders, we hereby issue @BBCOne with full membership to the Shelby family business! Welcome to the gang‚Ä¶",91
91,0.34,Wed Aug 22 13:13:18 +0000 2018,0.662,0.125,0.213,@BBC,"RT @BBCOne: Power. Protection. Trust. Threat.

Get ready for #Bodyguard. Starts Sunday 26th and Monday 27th August, 9pm, on @BBCOne.

Starr‚Ä¶",92
92,0.0,Wed Aug 22 13:00:24 +0000 2018,1.0,0.0,0.0,@BBC,"More than half (56%) of UK workers believe they are monitored by their boss at work, research from the TUC claims.‚Ä¶ https://t.co/BPKwk9iEwL",93
93,0.0,Wed Aug 22 12:15:45 +0000 2018,1.0,0.0,0.0,@BBC,RT @BBC6Music: Which tunes would you add to this list? #AllDayRave  https://t.co/1izIOoaqod,94
94,-0.4019,Wed Aug 22 12:02:05 +0000 2018,0.828,0.172,0.0,@BBC,Inside Shanghai‚Äôs marriage market where parents set their children up on blind dates. https://t.co/CHpIBNc16h,95
95,0.0,Wed Aug 22 11:30:59 +0000 2018,1.0,0.0,0.0,@BBC,"RT @bbcpress: ""By order of the #PeakyBlinders."" @ThePeakyBlinder moves to @BBCOne: https://t.co/VUCZAOjIX1 #EdTVFest https://t.co/fEA0Rv7ihh",96
96,-0.0382,Wed Aug 22 11:01:06 +0000 2018,0.943,0.057,0.0,@BBC,More than a third of farmed fruit and vegetables never reaches supermarket shelves because it is misshapen or the w‚Ä¶ https://t.co/10Bqhnzz8j,97
97,0.0,Wed Aug 22 10:53:23 +0000 2018,1.0,0.0,0.0,@BBC,RT @BBCTheOneShow: That time Sir @LennyHenry bumped into the Queen of Soul in an airport! üåπ https://t.co/QDXsgrA2nX,98
98,0.0,Wed Aug 22 08:00:09 +0000 2018,1.0,0.0,0.0,@BBC,ü¶éüé® How do chameleons change colour?  https://t.co/4fbUTZLbO7,99
99,0.1779,Wed Aug 22 07:28:08 +0000 2018,0.7,0.115,0.185,@BBC,"There is high public support for using the tax system to reduce waste from single-use plastics, the Treasury says.‚Ä¶ https://t.co/QPl3U2qmOj",100
100,0.0,Mon Aug 27 23:36:57 +0000 2018,1.0,0.0,0.0,@CBS,"It's almost time for sweater weather, pumpkin spice lattes, and CBS Fall TV premieres. Check out the storylines for‚Ä¶ https://t.co/BpgDyYl8fc",1
101,-0.4389,Fri Aug 24 20:30:16 +0000 2018,0.879,0.121,0.0,@CBS,RT @cbsallaccess: #NFL preseason coverage is here! üèà The Detroit @Lions battle the Tampa Bay @Buccaneers tonight at 8PM ET. Stream the game‚Ä¶,2
102,0.0,Wed Aug 22 20:55:25 +0000 2018,1.0,0.0,0.0,@CBS,"@bigbangtheory üé∂...happy kitty, sleepy kitty, purr purr purrüé∂ #TheBigBangTheory https://t.co/sEObppGJlZ",3
103,0.0,Wed Aug 22 20:10:12 +0000 2018,1.0,0.0,0.0,@CBS,"This is going to require multiple singings of ""Soft Kitty."" https://t.co/UdRGNeQ7Lb",4
104,0.5423,Mon Aug 20 21:59:56 +0000 2018,0.829,0.0,0.171,@CBS,Got to get more of the @PaulMcCartney #CarpoolKaraoke into your life? @latelateshow produced an hour-long bonus spe‚Ä¶ https://t.co/DjPqajo6Xn,5
105,0.3182,Fri Aug 17 17:42:02 +0000 2018,0.887,0.0,0.113,@CBS,"How much does it cost to bury the truth? 
#OneDollar premieres August 30, exclusively on CBS All Access. https://t.co/ZL5TBH9ro5",6
106,0.0,Thu Aug 16 18:40:09 +0000 2018,1.0,0.0,0.0,@CBS,Things got carried away when @ArianaGrande joined @latelateshow for #CarpoolKaraoke. So did Ariana. #ArianaCarpool https://t.co/WSZcC0TaYz,7
107,-0.5267,Thu Aug 16 00:09:03 +0000 2018,0.72,0.188,0.092,@CBS,RT @cbsallaccess: Murder mystery set in a small town? We're in. Rediscover the genius of original #TwinPeaks co-creators @DAVID_LYNCH and @‚Ä¶,8
108,0.0,Sun Aug 12 23:30:02 +0000 2018,1.0,0.0,0.0,@CBS,New start times for @60Minutes 7:20ET/6:20CT @CBSBigBrother 8:20ET/7:20CT @NCISLA 9:20ET/8:20CT @Elementary_CBS 10:‚Ä¶ https://t.co/Op9VcDsREa,9
109,0.4389,Sun Aug 12 15:04:59 +0000 2018,0.874,0.0,0.126,@CBS,Clear your schedules for the 100th #PGAChamp! Stream the Final Round LIVE on @cbsallaccess at 2 PM ET across all de‚Ä¶ https://t.co/m6bH2pKTUN,10
110,-0.3182,Sat Aug 11 18:00:00 +0000 2018,0.897,0.103,0.0,@CBS,The fortune teller you‚Äôll meet this Saturday lived a life of luxury... by scamming her victims out of hundreds of t‚Ä¶ https://t.co/fJo6F2Eo5p,11
111,0.4926,Sat Aug 11 15:00:02 +0000 2018,0.856,0.0,0.144,@CBS,The 100th PGA Championship continues today! Stream it LIVE on @cbsallaccess at 2PM ET across all devices. Try 1 Wee‚Ä¶ https://t.co/jbMg06eOND,12
112,0.8957,Fri Aug 10 22:28:55 +0000 2018,0.581,0.0,0.419,@CBS,"To celebrate the 100th PGA Championship, relive some of the tournament's greatest moments with Luke Wilson. 

Don't‚Ä¶ https://t.co/wUuB93smr4",13
113,0.0,Fri Aug 10 19:59:14 +0000 2018,1.0,0.0,0.0,@CBS,"RT @TrueCrimeCBS: When Glenn Walp and Steve Doran uncovered theft at the Los Alamos National Laboratory, they HAD to blow their whistles. W‚Ä¶",14
114,0.6696,Thu Aug 09 21:00:00 +0000 2018,0.745,0.0,0.255,@CBS,Want to create your own @CBSBigBrother or @TKOCBS meme using one the photos here? It‚Äôs your lucky day! Head over to‚Ä¶ https://t.co/JHJWykNkQT,15
115,0.7901,Thu Aug 09 18:47:00 +0000 2018,0.72,0.0,0.28,@CBS,Time to celebrate! Your favorite Daytime shows will premiere with new seasons this fall. See all of the @CBSDaytime‚Ä¶ https://t.co/GNkK4Zf2kD,16
116,0.6696,Wed Aug 08 16:05:11 +0000 2018,0.791,0.0,0.209,@CBS,"Love is in the air, and the water! International smash hit #LoveIsland is coming to CBS. https://t.co/nepabuNoSU https://t.co/Cxgvkv463u",17
117,0.0,Tue Aug 07 16:06:57 +0000 2018,1.0,0.0,0.0,@CBS,The Executive Producers of @CBSBigBrother are teaming up with @KingJames and @MavCarter for an unprecedented televi‚Ä¶ https://t.co/V88bDeHmQs,18
118,0.3612,Mon Aug 06 00:20:55 +0000 2018,0.889,0.0,0.111,@CBS,"RT @cbsallaccess: Executive Producer of Tell Me A Story, @kevwilliamson, says ""What I like about the show, there‚Äôs nothing else on TV like‚Ä¶",19
119,0.5411,Mon Aug 06 00:07:38 +0000 2018,0.683,0.098,0.219,@CBS,RT @TheNeighborhood: Feel the love in this new teaser for #TheNeighborhood from the #CBS #TCA18! ü§ó https://t.co/rPmCozH5XP,20
120,0.3818,Mon Aug 06 00:02:58 +0000 2018,0.894,0.0,0.106,@CBS,RT @TheNeighborhood: Find out why Cedric the Entertainer and the cast think #TheNeighborhood is the kind of show that everyone can relate t‚Ä¶,21
121,0.5093,Mon Aug 06 00:02:02 +0000 2018,0.845,0.0,0.155,@CBS,That's all for our #CBS #TCA18 panels! Tune in this fall to watch all your favorite new shows. üôå https://t.co/hM85o9eRi8,22
122,0.0,Sun Aug 05 23:58:41 +0000 2018,1.0,0.0,0.0,@CBS,"RT @MagnumPICBS: ""If there was ever a time to bring back #MagnumPI, it's now."" - @PLenkov 
#CBS #TCA2018",23
123,0.8316,Sun Aug 05 23:44:39 +0000 2018,0.694,0.0,0.306,@CBS,"RT @MagnumPICBS: ""There are a lot of easter eggs from the original that fans from the original series will love, and they're peppered throu‚Ä¶",24
124,0.0,Sun Aug 05 23:41:21 +0000 2018,1.0,0.0,0.0,@CBS,"RT @MagnumPICBS: ""What we are trying to do is introduce the show to a new audience...it's going to open it up for anyone that's new and the‚Ä¶",25
125,0.5994,Sun Aug 05 23:35:49 +0000 2018,0.843,0.0,0.157,@CBS,"RT @MagnumPICBS: ""This has been my white whale since I was a kid. I always loved #MagnumPI. Putting words in Magnum's mouth is something I'‚Ä¶",26
126,0.0,Sun Aug 05 23:35:46 +0000 2018,1.0,0.0,0.0,@CBS,RT @MagnumPICBS: It's #MagnumPI time at the #CBS #TCA2018! Follow along as we live tweet the panel!,27
127,0.5826,Sun Aug 05 23:16:25 +0000 2018,0.827,0.0,0.173,@CBS,RT @happytogether: Thanks for following along! That concludes the #HappyTogether panel at the #CBS #TCA2018! @MagnumPICBS is up next!,28
128,-0.5093,Sun Aug 05 23:12:39 +0000 2018,0.798,0.202,0.0,@CBS,"RT @happytogether: Question: Even though you're not playing @Harry_Styles, did you do a Harry crash course?
@itsfelixwot: Absolutely not. C‚Ä¶",29
129,0.0,Sun Aug 05 23:10:20 +0000 2018,1.0,0.0,0.0,@CBS,"RT @happytogether: ""The show is about marriage, it's about getting a bit older, it's about youthfulness, it's about something happening and‚Ä¶",30
130,0.6041,Sun Aug 05 23:05:58 +0000 2018,0.775,0.0,0.225,@CBS,"RT @happytogether: ""It's always good to have a little bit of truth in whatever you're making.""- @wayansjr 

#HappyTogether #CBS #TCA2018",31
131,0.3802,Sun Aug 05 23:01:25 +0000 2018,0.853,0.0,0.147,@CBS,"RT @happytogether: ""I thought I was still young and cool until I met @itsfelixwot!"" -@AmberoniStevens #HappyTogether #CBS #TCA2018",32
132,-0.2057,Sun Aug 05 22:58:41 +0000 2018,0.917,0.083,0.0,@CBS,"RT @happytogether: ""We never wanted to create a show where people think ""Oh, did @Harry_Styles do that?"" -@benwinston on emphasizing that #‚Ä¶",33
133,0.0,Sun Aug 05 22:58:36 +0000 2018,1.0,0.0,0.0,@CBS,RT @happytogether: .@wayansjr is quick to point out that the characters in #HappyTogether are fictional. #CBS #TCA2018,34
134,-0.0572,Sun Aug 05 22:53:12 +0000 2018,0.936,0.064,0.0,@CBS,"RT @happytogether: ""@Harry_Styles became part of the family. We didn't want him to move out."" -@benwinston #CBS #HappyTogether #TCA18",35
135,-0.3612,Sun Aug 05 22:52:24 +0000 2018,0.82,0.121,0.059,@CBS,"RT @happytogether: ""It's about Cooper who wants nothing but normality and a boring life, and Jake and Claire, who want more excitement."" -@‚Ä¶",36
136,0.4939,Sun Aug 05 22:49:06 +0000 2018,0.862,0.0,0.138,@CBS,"RT @happytogether: ""It's loosely inspired (by the time @Harry_Styles lived with @benwinston), because if we put what actually happened on t‚Ä¶",37
137,0.0,Sun Aug 05 22:46:49 +0000 2018,1.0,0.0,0.0,@CBS,RT @happytogether: It's time for the #HappyTogether panel at the #CBS #TCA18! Follow along here!,38
138,0.4926,Sun Aug 05 22:32:37 +0000 2018,0.825,0.0,0.175,@CBS,RT @GodFriendedMe: Thanks for following along during the #GodFriendedMe panel at #CBS #TCA18‚Äî@HappyTogether is up next!,39
139,0.2732,Sun Aug 05 22:32:30 +0000 2018,0.877,0.0,0.123,@CBS,"RT @GodFriendedMe: ""You don't have to believe in God to believe in good."" üôå@JOEtheMORTON¬†#GodFriendedMe #CBS",40
140,0.2716,Sun Aug 05 22:16:36 +0000 2018,0.905,0.0,0.095,@CBS,RT @GodFriendedMe: ‚ÄúIt‚Äôs incredibly important to us that we‚Äôre not a show that‚Äôs preachy or judgmental. Whether you believe or don‚Äôt believ‚Ä¶,41
141,-0.4973,Sun Aug 05 22:16:29 +0000 2018,0.867,0.133,0.0,@CBS,"RT @GodFriendedMe: ""Our feet are on the ground. Our characters are not angels, they‚Äôre not heavenly, they‚Äôre just real people. The 'opposin‚Ä¶",42
142,0.0,Sun Aug 05 22:16:19 +0000 2018,1.0,0.0,0.0,@CBS,RT @GodFriendedMe: Follow along with us as we live-tweet the #GodFriendedMe panel at #CBS #TCA18 with stars @hall_m_brandon @violettbeane @‚Ä¶,43
143,-0.4019,Sun Aug 05 22:05:44 +0000 2018,0.886,0.114,0.0,@CBS,"RT @cbsallaccess: From the writer of Scream, The Vampire Diaries and The Following, comes a modern day twist on classic fairy tales. 

#Tel‚Ä¶",44
144,-0.6908,Sun Aug 05 22:00:47 +0000 2018,0.793,0.207,0.0,@CBS,"RT @cbsallaccess: Small town. Big murder. Follow the Money. 

#OneDollar premieres August 30, exclusively on CBS All Access. https://t.co/T‚Ä¶",45
145,0.0,Sun Aug 05 21:48:41 +0000 2018,1.0,0.0,0.0,@CBS,RT @cbsallaccess: That's a wrap on the #TellMeAStory panel! @GodFriendedMe is up next! #TCA18 #CBSAllAccess,46
146,0.8555,Sun Aug 05 21:48:36 +0000 2018,0.714,0.0,0.286,@CBS,"RT @cbsallaccess: ""What I love about New York City - besides being the best city in the world - it's textural, it's real, it has everything‚Ä¶",47
147,0.5994,Sun Aug 05 21:48:29 +0000 2018,0.766,0.0,0.234,@CBS,RT @cbsallaccess: Who's ready to see @KimCattrall play @daniellemcam's (AKA Little Red Riding Hood) grandmother? #TellMeAStory #TCA18 #CBSA‚Ä¶,48
148,0.6124,Sun Aug 05 21:31:15 +0000 2018,0.792,0.0,0.208,@CBS,"RT @cbsallaccess: ""What I like about this show is that there's nothing else on TV like it right now."" -@kevwilliamson #TellMeAStory #TCA18‚Ä¶",49
149,-0.2748,Sun Aug 05 20:58:52 +0000 2018,0.742,0.153,0.105,@CBS,"RT @MurphyBrownCBS: According to Candice Bergen and Diane English, there's never been a more perfect time to revive #MurphyBrown! https://t‚Ä¶",50
150,0.0,Sun Aug 05 20:56:17 +0000 2018,1.0,0.0,0.0,@CBS,"RT @MurphyBrownCBS: #MurphyBrown has always been a political show, and that won't change! Read on about how the show plans to cover hot top‚Ä¶",51
151,-0.4588,Sun Aug 05 20:10:33 +0000 2018,0.875,0.125,0.0,@CBS,"RT @FBICBS: ""People are going to get a very realistic view of how that office operates and the stresses. It's a zero-tolerance FBI office.‚Ä¶",52
152,0.0,Sun Aug 05 19:43:38 +0000 2018,1.0,0.0,0.0,@CBS,Stay tuned for more #CBS #TCA18 action! The @cbsallaccess panel is up next. üëçüèº https://t.co/fcjiEwpaN0,53
153,0.0,Sun Aug 05 19:22:22 +0000 2018,1.0,0.0,0.0,@CBS,"RT @FBICBS: #FBIFam, this should cure your #SundayScaries! Check out the #FBI preview that was shown at the #CBS #TCA18 before the panel. h‚Ä¶",54
154,0.6249,Sun Aug 05 19:21:28 +0000 2018,0.796,0.0,0.204,@CBS,"RT @TheNeighborhood: ""Once we shot the pilot, we knew that we had a great show."" -@CedEntertainer #TheNeighborhood #CBS",55
155,0.1384,Sun Aug 05 19:16:45 +0000 2018,0.823,0.079,0.098,@CBS,"RT @TheNeighborhood: ""It was so well done, as far as I was concerned, that it became a no brainer to do the show. I called the next morning‚Ä¶",56
156,0.0,Sun Aug 05 19:15:53 +0000 2018,1.0,0.0,0.0,@CBS,"RT @TheNeighborhood: ""This is a show about people. This is a show about families, neighbors, friendships... At its core, this is a show abo‚Ä¶",57
157,0.4588,Sun Aug 05 18:54:24 +0000 2018,0.818,0.0,0.182,@CBS,"RT @TheNeighborhood: We're here at the #CBS #TCA18 giving you the inside scoop on #TheNeighborhood with our stars @CedEntertainer, @Tichina‚Ä¶",58
158,0.0,Sun Aug 05 18:01:09 +0000 2018,1.0,0.0,0.0,@CBS,RT @MurphyBrownCBS: That's a wrap on the #MurphyBrown panel at #TCA18! @TheNeighborhood is up next! #CBS,59
159,0.0,Sun Aug 05 17:55:07 +0000 2018,1.0,0.0,0.0,@CBS,"RT @MurphyBrownCBS: Diane English reveals ""We have an enormously famous person in our first episode,"" but keeps the secret under wraps! üôä #‚Ä¶",60
160,0.0,Sun Aug 05 17:51:13 +0000 2018,1.0,0.0,0.0,@CBS,"RT @MurphyBrownCBS: Diane English talks about how to stay topically relevant while writing scripts ahead of time &amp; also said, ""We have an i‚Ä¶",61
161,0.0,Sun Aug 05 17:47:01 +0000 2018,1.0,0.0,0.0,@CBS,RT @MurphyBrownCBS: All the feels! ‚ù§Ô∏è #MurphyBrown returns to #CBS this fall! https://t.co/OvQk3CV49W,62
162,-0.0018,Sun Aug 05 17:39:48 +0000 2018,0.853,0.074,0.073,@CBS,"RT @MurphyBrownCBS: ""It's been very emotional for the old guys... We saw Murphy's townhouse and we all got tears in our eyes."" -Candice Ber‚Ä¶",63
163,0.0,Sun Aug 05 17:28:37 +0000 2018,1.0,0.0,0.0,@CBS,"Stay tuned, because @MurphyBrownCBS is up next at the #CBS #TCA18! https://t.co/0qdjQiFrwW",64
164,-0.0602,Sun Aug 05 17:28:03 +0000 2018,0.599,0.219,0.182,@CBS,"RT @FBICBS: ‚ÄúEven though I was scared to say yes, it was so clear you don‚Äôt say no. I knew I couldn‚Äôt say no. I couldn‚Äôt be more grateful,‚Ä¶",65
165,0.1761,Sun Aug 05 17:27:46 +0000 2018,0.735,0.105,0.16,@CBS,"RT @FBICBS: What's it like for @JeremySisto coming back to a Dick Wolf show?

""It's one of the most stable ships you can be on... It's exci‚Ä¶",66
166,0.1027,Sun Aug 05 17:27:41 +0000 2018,0.767,0.11,0.123,@CBS,"RT @FBICBS: ""We're celebrating the troops on the ground... There are endless stories in there."" - Dick Wolf on why he wanted to focus the s‚Ä¶",67
167,0.0498,Sun Aug 05 17:27:31 +0000 2018,0.746,0.123,0.13,@CBS,"RT @FBICBS: ‚ÄúIt‚Äôs really exciting to be here for the first time in a long, long, long, long time.‚Äù - Dick Wolf #CBS #TCA18",68
168,0.6114,Sun Aug 05 14:47:12 +0000 2018,0.818,0.0,0.182,@CBS,Celebrate #NationalSistersDay with an iconic group of sisters! Watch how these three became part of The Brady Bunch‚Ä¶ https://t.co/nBVjxl4AbP,69
169,0.2263,Sat Aug 04 22:57:37 +0000 2018,0.917,0.0,0.083,@CBS,RT @startrekcbs: Executive Producer Alex Kurtzman and @SirPatStew surprised fans today at #STLV with news that he will be returning to the‚Ä¶,70
170,0.0,Sat Aug 04 00:24:55 +0000 2018,1.0,0.0,0.0,@CBS,Watching a üíØ spin on @PriceIsRight never gets old‚Ä¶especially when it‚Äôs Mila Kunis! https://t.co/NPOukc3jPz,71
171,0.6124,Fri Aug 03 22:34:08 +0000 2018,0.76,0.0,0.24,@CBS,"RT @TrueCrimeCBS: The chances of successfully blowing the whistle are slim, but did a Wells Fargo personal banker beat the odds?

Find out‚Ä¶",72
172,0.9098,Tue Jul 31 21:02:33 +0000 2018,0.531,0.0,0.469,@CBS,Celebrate #NationalAvocadoDay with @letsmakeadeal. ü•ë Relive this #LMAD moment when an avocado wins one amazing deal! https://t.co/QS8GLajWU5,73
173,0.34,Sat Jul 28 16:43:56 +0000 2018,0.876,0.0,0.124,@CBS,"Housewives. PTA moms. School volunteers. Starting TONIGHT, hear the stories of seemingly innocent women who put it‚Ä¶ https://t.co/5TA15OiTuh",74
174,0.5707,Wed Jul 25 17:25:36 +0000 2018,0.813,0.0,0.187,@CBS,"This is one allowance that can‚Äôt be beat! Kids are winning big this week on @PriceIsRight. üéâ
 https://t.co/lncKu9XvNo",75
175,0.0,Wed Jul 25 15:12:31 +0000 2018,1.0,0.0,0.0,@CBS,"Renowned artists Cher, Philip Glass, Reba McEntire, Wayne Shorter, and the co-creators of #Hamilton will be recogni‚Ä¶ https://t.co/PEjjI9MKE1",76
176,0.34,Wed Jul 25 01:05:03 +0000 2018,0.882,0.0,0.118,@CBS,Who's excited for the return of @MurphyBrownCBS? Here's a behind-the-scenes look at the first table read of the sea‚Ä¶ https://t.co/1B5S4WJnCW,77
177,-0.1511,Tue Jul 24 18:54:14 +0000 2018,0.834,0.099,0.068,@CBS,"Mark your calendars because you won‚Äôt want to miss this! Former Secretaries of State @HillaryClinton, @Madeleine, a‚Ä¶ https://t.co/JKDPp97OqN",78
178,0.8293,Mon Jul 23 21:30:33 +0000 2018,0.66,0.0,0.34,@CBS,The cast couldn‚Äôt be more excited to welcome @ansonmount into the @startrekcbs family! Who‚Äôs ready to see the iconi‚Ä¶ https://t.co/fOS4f4VCb2,79
179,0.128,Sun Jul 22 01:56:13 +0000 2018,0.927,0.0,0.073,@CBS,RT @startrekcbs: Stream the full panel &amp; learn all the exclusive details revealed about season 2 of #StarTrekDiscovery at @Comic_Con: https‚Ä¶,80
180,-0.296,Sat Jul 21 00:55:28 +0000 2018,0.891,0.109,0.0,@CBS,RT @MagnumPICBS: Couldn't make it to San Diego for the #MagnumPI panel? Here's everything you missed at #SDCC2018: https://t.co/Z7IBqF1YJ8‚Ä¶,81
181,-0.296,Sat Jul 21 00:19:12 +0000 2018,0.891,0.109,0.0,@CBS,RT @bigbangtheory: The #BigBangTheory writers teased a honeymoon episode and more @YoungSheldon characters in Season 12 while speaking at #‚Ä¶,82
182,-0.7964,Sat Jul 21 00:10:00 +0000 2018,0.736,0.264,0.0,@CBS,"RT @TrueCrimeCBS: When you find out you‚Äôve been treated with chemo, but you don‚Äôt have cancer. #Whistleblower https://t.co/DAKwu1vcNX",83
183,-0.6597,Fri Jul 20 23:44:54 +0000 2018,0.82,0.18,0.0,@CBS,George blew the whistle on a doctor targeting those who believed they had cancer. What was the outcome? Find out to‚Ä¶ https://t.co/rLlNzlK3Cy,84
184,0.3182,Fri Jul 20 22:29:36 +0000 2018,0.905,0.0,0.095,@CBS,"RT @startrekcbs: Discover the next adventure of Starfleet in this first look at the season 2 premiere, coming early 2019. Season 1 is now s‚Ä¶",85
185,0.0,Fri Jul 20 21:39:09 +0000 2018,1.0,0.0,0.0,@CBS,Take a trip down memory lane with the cast and crew of @MagnumPICBS at #SDCC2018! https://t.co/jHVxm7kyaT,86
186,0.0,Fri Jul 20 15:08:23 +0000 2018,1.0,0.0,0.0,@CBS,"This @cbsallaccess series is unlike any fairy tale you've ever seen before. @paulwesley, @kevwilliamson &amp;‚Ä¶ https://t.co/icsSnPxKAr",87
187,0.0,Tue Jul 17 17:55:25 +0000 2018,1.0,0.0,0.0,@CBS,ü§∞üë©‚Äçüëßüö´üç∏ #WorldEmojiDay,88
188,0.0,Tue Jul 17 17:22:29 +0000 2018,1.0,0.0,0.0,@CBS,üë®üìù‚úîÔ∏è¬†#WorldEmojiDay,89
189,0.0,Tue Jul 17 17:22:29 +0000 2018,1.0,0.0,0.0,@CBS,üë©‚Äçüíºüíºüá∫üá∏¬†#WorldEmojiDay,90
190,0.0,Tue Jul 17 17:22:29 +0000 2018,1.0,0.0,0.0,@CBS,üïµÔ∏èüïµÔ∏è‚Äç‚ôÄÔ∏è¬†#WorldEmojiDay,91
191,0.0,Tue Jul 17 17:22:29 +0000 2018,1.0,0.0,0.0,@CBS,‚öìÔ∏èü¶Öüá∫üá∏¬†#WorldEmojiDay,92
192,0.0,Tue Jul 17 17:22:29 +0000 2018,1.0,0.0,0.0,@CBS,üèÑüå¥üöî¬†#WorldEmojiDay,93
193,0.0,Tue Jul 17 17:22:28 +0000 2018,1.0,0.0,0.0,@CBS,üíôüëÆüçΩ¬†#WorldEmojiDay,94
194,0.0,Tue Jul 17 17:22:28 +0000 2018,1.0,0.0,0.0,@CBS,üí£üìé¬†#WorldEmojiDay,95
195,0.0,Tue Jul 17 17:22:28 +0000 2018,1.0,0.0,0.0,@CBS,üåé‚òÑÔ∏è¬†#WorldEmojiDay,96
196,0.0,Tue Jul 17 17:22:28 +0000 2018,1.0,0.0,0.0,@CBS,üè∑üí∞üé∞¬†#WorldEmojiDay,97
197,0.0,Tue Jul 17 17:22:28 +0000 2018,1.0,0.0,0.0,@CBS,üë∂üò¥üö´¬†#WorldEmojiDay,98
198,0.0,Tue Jul 17 17:22:28 +0000 2018,1.0,0.0,0.0,@CBS,ü§ùüíºüí∞¬†#WorldEmojiDay,99
199,0.0,Tue Jul 17 17:22:27 +0000 2018,1.0,0.0,0.0,@CBS,üíÑüë†üì∑¬†#WorldEmojiDay,100
200,0.0,Wed Aug 29 05:46:00 +0000 2018,1.0,0.0,0.0,@CNN,Researchers used a manned submersible to bring back the first images of a deep-sea coral reef off the coast of Sout‚Ä¶ https://t.co/Hf8Juz1pkd,1
201,-0.7003,Wed Aug 29 05:31:12 +0000 2018,0.756,0.244,0.0,@CNN,RT @CuomoPrimeTime: Dominican Father Boniface Ramsey recounts his 15-year crusade to expose the alleged abuse by former Cardinal Theodore M‚Ä¶,2
202,0.4939,Wed Aug 29 05:31:08 +0000 2018,0.849,0.0,0.151,@CNN,A mother was shoved into the path of an oncoming train. Her daughter jumped onto tracks to save her.‚Ä¶ https://t.co/H07T6b9jHY,3
203,-0.7184,Wed Aug 29 05:16:00 +0000 2018,0.727,0.273,0.0,@CNN,"Meet the Arab superhero fighting crime and smashing stereotypes. Emara doesn't wear spandex, skintight leather or m‚Ä¶ https://t.co/bJ4eASqKKv",4
204,0.0,Wed Aug 29 05:04:36 +0000 2018,1.0,0.0,0.0,@CNN,Bernie-backed progressive Andrew Gillum will face a Trump-styled Republican in Florida's governor's race‚Ä¶ https://t.co/Dgs7rroJ91,5
205,-0.5563,Wed Aug 29 05:01:05 +0000 2018,0.841,0.159,0.0,@CNN,"Air pollution could be more damaging to our health than previously thought, according to a new study, which found t‚Ä¶ https://t.co/sULU7cHvzR",6
206,0.0,Wed Aug 29 04:46:00 +0000 2018,1.0,0.0,0.0,@CNN,"Bugatti's new Divo supercar costs nearly twice as much as the company's current model, the Chiron, but it can't go‚Ä¶ https://t.co/twofLhOOp7",7
207,0.4215,Wed Aug 29 04:31:01 +0000 2018,0.865,0.0,0.135,@CNN,"Nearly 2.3 million cases of chlamydia, gonorrhea and syphilis were diagnosed in the United States in 2017, accordin‚Ä¶ https://t.co/XnNgoLpemp",8
208,0.1027,Wed Aug 29 04:18:20 +0000 2018,0.619,0.155,0.227,@CNN,Establishment favorite Martha McSally will defeat two right-wing challengers in Arizona's Republican Senate primary‚Ä¶ https://t.co/x07cwhView,9
209,0.0,Wed Aug 29 04:16:00 +0000 2018,1.0,0.0,0.0,@CNN,"Korean pop group BTS beats Taylor Swift's record for biggest YouTube debut with the music video for its song ""Idol""‚Ä¶ https://t.co/tKl8Zb3m6l",10
210,0.6486,Wed Aug 29 04:02:08 +0000 2018,0.741,0.0,0.259,@CNN,Sofia Sanchez had two wishes for her 11th birthday. The first came true earlier this month when Drake surprised her‚Ä¶ https://t.co/esmOQC6d8M,11
211,0.5251,Wed Aug 29 03:57:01 +0000 2018,0.855,0.0,0.145,@CNN,"RT @CNNTonight: Andrew Gillum: ""I'm a Democrat, but most importantly I'm a Floridan who wants to build a state that has room for everybody‚Ä¶",12
212,0.5719,Wed Aug 29 03:56:12 +0000 2018,0.791,0.0,0.209,@CNN,"Rep. Kyrsten Sinema has won the Democratic primary for Senate in Arizona, CNN projects https://t.co/oye5DGuoqg",13
213,0.1531,Wed Aug 29 03:55:09 +0000 2018,0.685,0.165,0.149,@CNN,"Arizona Gov. Doug Ducey, facing a potentially tough battle for re-election in the fall, has won the GOP primary, CN‚Ä¶ https://t.co/pYYfdVIaCJ",14
214,0.34,Wed Aug 29 03:46:48 +0000 2018,0.727,0.105,0.168,@CNN,"Lori Alhadeff, a mother who lost her daughter in the Parkland shooting, wins a spot on the school board‚Ä¶ https://t.co/ttPphDIaJF",15
215,-0.3182,Wed Aug 29 03:46:04 +0000 2018,0.901,0.099,0.0,@CNN,"A day out from their big-ticket debate, a leaked email has turned up the heat -- quite literally -- in the race bet‚Ä¶ https://t.co/YT6C0XZKf7",16
216,0.128,Wed Aug 29 03:42:19 +0000 2018,0.93,0.0,0.07,@CNN,"RT @CNNTonight: ""People didn't think we had a chance, but we did."" Tallahassee Mayor Andrew Gillum speaks with @DonLemon after CNN projects‚Ä¶",17
217,0.0,Wed Aug 29 03:31:05 +0000 2018,1.0,0.0,0.0,@CNN,A tale of two refugee girls | By Angelina Jolie via @CNNOpinion https://t.co/Dz8R0T1RLA https://t.co/L2dw2uTnAp,18
218,0.2732,Wed Aug 29 03:16:06 +0000 2018,0.861,0.0,0.139,@CNN,Inside Sen. John McCain's surprise eulogy invitation to former President Barack Obama https://t.co/RZFlHcLLZ2 https://t.co/eKDHGzAWYA,19
219,-0.7845,Wed Aug 29 03:01:05 +0000 2018,0.723,0.277,0.0,@CNN,"A dozen prisoners have died in the custody of Mississippi authorities this month and, with the exception of two dea‚Ä¶ https://t.co/JESsgqnx7v",20
220,-0.6369,Wed Aug 29 02:46:08 +0000 2018,0.833,0.167,0.0,@CNN,The police officer who fatally shot an unarmed black man in Tulsa now teaches a course on how other cops can 'survi‚Ä¶ https://t.co/L8vueXQ2B2,21
221,-0.4404,Wed Aug 29 02:31:05 +0000 2018,0.873,0.127,0.0,@CNN,The owner of a company that builds 3D-printed guns said he has begun selling blueprints of the weapons to elude a c‚Ä¶ https://t.co/j28oea6r9M,22
222,0.0,Wed Aug 29 02:16:02 +0000 2018,1.0,0.0,0.0,@CNN,"Facing scrutiny for hush money payments to a porn star and a former Playboy model, Trump pleaded with evangelical l‚Ä¶ https://t.co/Agly0f7p9q",23
223,0.6369,Wed Aug 29 02:16:00 +0000 2018,0.819,0.0,0.181,@CNN,"‚ÄúToday I was a candidate for the highest office in the country I love so much. And tonight, I remain her servant. T‚Ä¶ https://t.co/UVPPINI7z9",24
224,-0.2732,Wed Aug 29 02:03:35 +0000 2018,0.763,0.161,0.076,@CNN,"""John taught us how to lose. ... He failed a lot but he never quit."" Sen. Lindsey Graham pays emotional tribute to‚Ä¶ https://t.co/4weJvqOQuR",25
225,0.8176,Wed Aug 29 01:53:37 +0000 2018,0.727,0.0,0.273,@CNN,"RT @cnnbrk: Tallahassee Mayor Andrew Gillum will win Florida's Democratic governor's race, CNN projects. If he wins, he would be the state'‚Ä¶",26
226,-0.9217,Wed Aug 29 01:49:47 +0000 2018,0.582,0.418,0.0,@CNN,"A 9-year-old died by suicide on Thursday, shortly after coming out as gay and being bullied at school, according to‚Ä¶ https://t.co/uVe0GQHwK9",27
227,-0.6124,Wed Aug 29 01:43:39 +0000 2018,0.667,0.241,0.093,@CNN,RT @CuomoPrimeTime: .@VanJones68: Trump‚Äôs warning of possible future violence sounds like ‚Äúpanic on the part of the President trying to sti‚Ä¶,28
228,0.0,Wed Aug 29 01:43:21 +0000 2018,1.0,0.0,0.0,@CNN,RT @AC360: ‚ÄúI‚Äôd tell him he was very disrespectful.‚Äù American Legion members decry President Trump‚Äôs behavior towards the late Sen. John Mc‚Ä¶,29
229,0.5859,Wed Aug 29 01:42:31 +0000 2018,0.774,0.0,0.226,@CNN,"Bernie Sanders-backed progressive Andrew Gillum will win Florida Democratic governor's race, CNN projects‚Ä¶ https://t.co/rZ8vtF6LoW",30
230,0.0,Wed Aug 29 01:41:04 +0000 2018,1.0,0.0,0.0,@CNN,Slowed new construction and a short supply of existing homes for sale have pushed housing prices so high that buyer‚Ä¶ https://t.co/CIlqdLGa2x,31
231,0.0387,Wed Aug 29 01:31:27 +0000 2018,0.843,0.075,0.082,@CNN,RT @CuomoPrimeTime: Former Trump WH Legislative Affairs Director Marc Short calls for greater transparency from tech giants but warn agains‚Ä¶,32
232,-0.296,Wed Aug 29 01:31:06 +0000 2018,0.896,0.104,0.0,@CNN,"California will no longer require defendants to post bail in order to be released before trial, in a sweeping refor‚Ä¶ https://t.co/mv4GIxHzZ6",33
233,0.0,Wed Aug 29 01:19:51 +0000 2018,1.0,0.0,0.0,@CNN,"""The hive got overcrowded because it was hot and humid and they just needed a new place to go so they can keep cool‚Ä¶ https://t.co/HpuCZ9x2Mw",34
234,0.0,Wed Aug 29 01:19:05 +0000 2018,1.0,0.0,0.0,@CNN,"More than 40,000 bees swarmed a hot dog stand in Times Square, turning the already-busy area into a hive of activit‚Ä¶ https://t.co/034OEV7gMP",35
235,0.3182,Wed Aug 29 01:10:05 +0000 2018,0.807,0.067,0.126,@CNN,President Trump is now turning his focus toward cutting a trade deal with Canada after the United States and Mexico‚Ä¶ https://t.co/AHNFtR1f8L,36
236,0.5994,Wed Aug 29 00:52:54 +0000 2018,0.837,0.0,0.163,@CNN,"RT @AC360: Former campaign manager and family spokesman Rick Davis reflected on Sen. McCain's final moments: ‚ÄúIt was a beautiful thing, he‚Ä¶",37
237,-0.6499,Wed Aug 29 00:49:06 +0000 2018,0.706,0.216,0.078,@CNN,A banker who previously worked with Paul Manafort but was never charged related to Manafort's bank fraud schemes re‚Ä¶ https://t.co/tzeYTaW57e,38
238,0.7906,Wed Aug 29 00:37:48 +0000 2018,0.72,0.0,0.28,@CNN,"This is how Ruth Bader Ginsburg, the oldest sitting Supreme Court Justice, stays in shape. She attributes her long‚Ä¶ https://t.co/ONLrCICQN4",39
239,0.4019,Wed Aug 29 00:35:51 +0000 2018,0.881,0.0,0.119,@CNN,RT @AC360: .@SymoneDSanders says she believes President Trump may be attempting to equate Antifa with the Democratic Party in his violence‚Ä¶,40
240,0.2732,Wed Aug 29 00:31:08 +0000 2018,0.792,0.0,0.208,@CNN,Inside McCain's surprise eulogy invitation to Obama https://t.co/Ovs2wU6Rc0 https://t.co/0Q5wwlYLe2,41
241,-0.1531,Wed Aug 29 00:21:03 +0000 2018,0.833,0.097,0.069,@CNN,The judge who will oversee Paul Manafort's trial in Washington has warned members of the defense team several times‚Ä¶ https://t.co/meSlWa7457,42
242,-0.5859,Wed Aug 29 00:20:52 +0000 2018,0.674,0.23,0.096,@CNN,"RT @AC360: ‚ÄúJeff Sessions is now a dead man walking,‚Äù says CNN‚Äôs @JeffreyToobin. ‚Äú[T]he Republican Party will never do anything to stop Don‚Ä¶",43
243,0.8225,Wed Aug 29 00:14:50 +0000 2018,0.678,0.0,0.322,@CNN,"Rep. Ron DeSantis will win Florida's Republican governor's primary, CNN projects, in yet another win for a Trump-ba‚Ä¶ https://t.co/5pJqz1Y3ro",44
244,-0.128,Wed Aug 29 00:11:04 +0000 2018,0.667,0.2,0.133,@CNN,The former CEO of Barnes &amp; Noble is suing the bookseller over his firing last month https://t.co/9saAEwKexu https://t.co/50mk7FweBe,45
245,0.3182,Wed Aug 29 00:04:35 +0000 2018,0.916,0.0,0.084,@CNN,RT @OutFrontCNN: Sen. Mark Warner says his former Senate colleague John McCain told him 'to stick at it and get to the truth' in the Russia‚Ä¶,46
246,0.0,Wed Aug 29 00:01:05 +0000 2018,1.0,0.0,0.0,@CNN,A tale of two refugee girls | By Angelina Jolie via @CNNOpinion https://t.co/T8IV5Hq92F https://t.co/Kf3mnGf0UO,47
247,-0.4767,Tue Aug 28 23:51:03 +0000 2018,0.853,0.147,0.0,@CNN,Former Papa John's chairman John Schnatter says he believes he's being scapegoated for the pizza chain's poor perfo‚Ä¶ https://t.co/CzYxf5brI5,48
248,-0.7506,Tue Aug 28 23:47:38 +0000 2018,0.782,0.218,0.0,@CNN,"RT @OutFrontCNN: ""Never, ever has any president come even close to saying if my side loses there's going to be violence. I think it is irre‚Ä¶",49
249,-0.5563,Tue Aug 28 23:41:01 +0000 2018,0.841,0.159,0.0,@CNN,"Air pollution could be more damaging to our health than previously thought, according to a new study, which found t‚Ä¶ https://t.co/tYL8nukK4A",50
250,0.0,Tue Aug 28 23:31:05 +0000 2018,0.702,0.149,0.149,@CNN,"Supreme Court nominee Brett Kavanaugh will be introduced by Republican Sen. Rob Portman of Ohio, former Secretary o‚Ä¶ https://t.co/uOTbCpMwru",51
251,0.0,Tue Aug 28 23:27:07 +0000 2018,1.0,0.0,0.0,@CNN,"RT @OutFrontCNN: ""One of the lessons I've learned the most from him was the absolutely essential nature of American leadership around the w‚Ä¶",52
252,-0.5423,Tue Aug 28 23:21:13 +0000 2018,0.759,0.241,0.0,@CNN,Arizona polls to close on time after Election Day snafu https://t.co/1uWpz1e8qk https://t.co/X40iSR1yQI,53
253,0.4215,Tue Aug 28 23:21:05 +0000 2018,0.865,0.0,0.135,@CNN,"Nearly 2.3 million cases of chlamydia, gonorrhea and syphilis were diagnosed in the United States in 2017, accordin‚Ä¶ https://t.co/maxaNUMjFK",54
254,0.0,Tue Aug 28 23:18:11 +0000 2018,1.0,0.0,0.0,@CNN,Uber is pivoting to e-bikes and scooters for short rides as its business model changes https://t.co/dNd7pCDFJj https://t.co/15LLZcTKrf,55
255,0.0,Tue Aug 28 23:16:23 +0000 2018,1.0,0.0,0.0,@CNN,"Usually, politics and slime go hand-in-hand. ""Sliming"" a political opponent is well-worn tradition, after all.

But‚Ä¶ https://t.co/G3Gwd9uP5W",56
256,0.3612,Tue Aug 28 23:13:53 +0000 2018,0.902,0.0,0.098,@CNN,"RT @OutFrontCNN: ""This is a President that seems like he is lashing out at anyone and I think it's because the walls are closing in,"" says‚Ä¶",57
257,0.128,Tue Aug 28 23:11:03 +0000 2018,0.783,0.097,0.12,@CNN,Senate Majority Leader Mitch McConnell cut a deal with Democratic leaders in the upper chamber to clear a slate of‚Ä¶ https://t.co/Zn2gj4cf3g,58
258,0.0,Tue Aug 28 23:07:20 +0000 2018,1.0,0.0,0.0,@CNN,"RT @OutFrontCNN: It's election day in Arizona, Florida, and Oklahoma. Follow for live updates. https://t.co/GxZ8IRdS3v https://t.co/J1Iz5Nt‚Ä¶",59
259,0.0,Tue Aug 28 23:01:04 +0000 2018,1.0,0.0,0.0,@CNN,Mike Pence's plan to outlast Trump | By Michael D'Antonio and Peter Eisner via @CNNOpinion https://t.co/nFaFZcR7Hv https://t.co/2mRdKYTCX3,60
260,0.0,Tue Aug 28 23:01:00 +0000 2018,1.0,0.0,0.0,@CNN,Researchers used a manned submersible to bring back the first images of a deep-sea coral reef off the coast of Sout‚Ä¶ https://t.co/cb4QFVHJAR,61
261,0.6486,Tue Aug 28 22:52:07 +0000 2018,0.741,0.0,0.259,@CNN,Sofia Sanchez had two wishes for her 11th birthday. The first came true earlier this month when Drake surprised her‚Ä¶ https://t.co/UPLxJCXx5r,62
262,0.0,Tue Aug 28 22:45:00 +0000 2018,1.0,0.0,0.0,@CNN,GoPro CEO Nick Woodman says the company hasn't been hit by President Trump's tariffs against China yet -- but they‚Ä¶ https://t.co/XRwSYMsDU0,63
263,-0.8176,Tue Aug 28 22:43:21 +0000 2018,0.717,0.283,0.0,@CNN,A former police officer in the Dallas suburb of Balch Springs was found guilty of murder in the shooting of Jordan‚Ä¶ https://t.co/L0TkbxwxUm,64
264,0.1027,Tue Aug 28 22:38:34 +0000 2018,0.827,0.079,0.094,@CNN,"RT @CNNSitRoom: ""This President has to be willing to accept the will of the American people when it comes to an election, and stop threaten‚Ä¶",65
265,-0.4404,Tue Aug 28 22:35:13 +0000 2018,0.873,0.127,0.0,@CNN,The owner of a company that builds 3D-printed guns said he has begun selling blueprints of the weapons to elude a c‚Ä¶ https://t.co/i8RlYoOzEA,66
266,-0.6486,Tue Aug 28 22:30:48 +0000 2018,0.763,0.185,0.052,@CNN,RT @CNNSitRoom: Democratic Senator Blumenthal says he‚Äôs talked to a number of Republican colleagues and thinks ‚Äùthere would be holy hell to‚Ä¶,67
267,-0.7184,Tue Aug 28 22:30:00 +0000 2018,0.727,0.273,0.0,@CNN,"Meet the Arab superhero fighting crime and smashing stereotypes. Emara doesn't wear spandex, skintight leather or m‚Ä¶ https://t.co/T2BkzI0arL",68
268,-0.5994,Tue Aug 28 22:28:51 +0000 2018,0.83,0.17,0.0,@CNN,"Veteran David Carrasco gave his own Vietnam War medallion to the late Sen. John McCain's wife, Cindy McCain, outsid‚Ä¶ https://t.co/CwUpC3f6gA",69
269,-0.872,Tue Aug 28 22:25:07 +0000 2018,0.568,0.432,0.0,@CNN,"Illinois authorities are investigating allegations of neglect after a fire in Chicago killed 10 children, officials‚Ä¶ https://t.co/7cQ4IhdTOK",70
270,0.0,Tue Aug 28 22:20:05 +0000 2018,1.0,0.0,0.0,@CNN,"Facing scrutiny for hush money payments to a porn star and a former Playboy model, Trump pleaded with evangelical l‚Ä¶ https://t.co/wqs33Je3GO",71
271,0.0,Tue Aug 28 22:15:15 +0000 2018,1.0,0.0,0.0,@CNN,Senate Republicans are sending decidedly mixed messages about how they feel about the future of Attorney General Je‚Ä¶ https://t.co/aZufhL6bgH,72
272,0.0,Tue Aug 28 22:11:48 +0000 2018,1.0,0.0,0.0,@CNN,"It's election day in Arizona, Florida, and Oklahoma. Follow for live updates. https://t.co/ufORF8aN3n https://t.co/2La3w5ES7x",73
273,0.0,Tue Aug 28 21:50:07 +0000 2018,1.0,0.0,0.0,@CNN,HBO has quietly dropped erotic late-night programming from its lineup https://t.co/h5A8TbI0d0 https://t.co/xAo7NNNSbL,74
274,0.4767,Tue Aug 28 21:40:10 +0000 2018,0.744,0.0,0.256,@CNN,JPMorgan just made another high-profile artificial intelligence hire https://t.co/QxeypaK99l https://t.co/Fi7Mj3hzSp,75
275,0.25,Tue Aug 28 21:35:00 +0000 2018,0.889,0.0,0.111,@CNN,"Without evidence, Trump reiterated claims about Google's search results, saying the company is ""taking advantage of‚Ä¶ https://t.co/4TAekVTE8w",76
276,-0.4019,Tue Aug 28 21:30:09 +0000 2018,0.856,0.144,0.0,@CNN,Bubble gum-flavored children's Advil is being recalled after customer complaints identified that the dosage cup pro‚Ä¶ https://t.co/GzQkiLagWL,77
277,0.1531,Tue Aug 28 21:29:22 +0000 2018,0.926,0.0,0.074,@CNN,"Canada looks to join the US-Mexico trade talks, but Prime Minister Justin Trudeau says he will only sign a new deal‚Ä¶ https://t.co/f7KWE2EP5i",78
278,-0.3182,Tue Aug 28 21:25:05 +0000 2018,0.892,0.108,0.0,@CNN,"A day out from their big-ticket debate, a leaked email has brought up the temperature in the race between New York‚Ä¶ https://t.co/tOBU6p437p",79
279,0.0,Tue Aug 28 21:20:09 +0000 2018,1.0,0.0,0.0,@CNN,John McCain's goodbye is in classic tradition of George Washington's Farewell Address | By John Avlon via‚Ä¶ https://t.co/N20oEjUFqJ,80
280,-0.4019,Tue Aug 28 21:15:03 +0000 2018,0.711,0.182,0.107,@CNN,"UN Secretary General addresses the body's Security Council regarding the Rohingya refugee crisis, calling for the M‚Ä¶ https://t.co/jmZ6SzmjCy",81
281,-0.6249,Tue Aug 28 21:10:07 +0000 2018,0.823,0.177,0.0,@CNN,"A 9-year-old ended his own life on Thursday, shortly after coming out as gay and being bullied at school, according‚Ä¶ https://t.co/6CA5J2nxad",82
282,0.0,Tue Aug 28 21:00:14 +0000 2018,1.0,0.0,0.0,@CNN,Elon Musk is lashing out on Twitter again https://t.co/FsmJvIngcP https://t.co/N1eC508CRK,83
283,0.3612,Tue Aug 28 20:55:04 +0000 2018,0.844,0.0,0.156,@CNN,The top elections official in Arizona's most populous county said he will petition to extend voting hours in the pr‚Ä¶ https://t.co/RhO0mV4Sv0,84
284,0.7096,Tue Aug 28 20:50:04 +0000 2018,0.742,0.0,0.258,@CNN,Country music stars were tweeting bright and early after the nominations for the 2018 CMA Awards were announced‚Ä¶ https://t.co/AvD492IvHc,85
285,-0.3612,Tue Aug 28 20:40:04 +0000 2018,0.878,0.122,0.0,@CNN,"GOP Sen. Lindsey Graham this week argued that President Trump deserves to replace Attorney General Jeff Sessions, s‚Ä¶ https://t.co/5gQAie2tx0",86
286,-0.5095,Tue Aug 28 20:38:51 +0000 2018,0.87,0.13,0.0,@CNN,"RT @TheLeadCNN: ‚ÄúLindsey Graham, in a very unfortunate way in my opinion, has decided to carry water for Trump ‚Äì for whatever reason, he th‚Ä¶",87
287,0.5574,Tue Aug 28 20:30:07 +0000 2018,0.787,0.0,0.213,@CNN,"Whole Foods doesn't look much different since Amazon bought it a year ago, but incumbents like Walmart, Kroger, Cos‚Ä¶ https://t.co/ElGGwqwBjL",88
288,0.7906,Tue Aug 28 20:25:00 +0000 2018,0.72,0.0,0.28,@CNN,"This is how Ruth Bader Ginsburg, the oldest sitting Supreme Court Justice, stays in shape. She attributes her long‚Ä¶ https://t.co/E3sd6jOm1p",89
289,0.5859,Tue Aug 28 20:20:44 +0000 2018,0.758,0.0,0.242,@CNN,RT @CNNMoney: S&amp;P 500 gains a fraction of a point. Nasdaq gains 0.2%. Dow finishes up 14 points. https://t.co/E9IkqtvczQ,90
290,-0.7845,Tue Aug 28 20:20:04 +0000 2018,0.723,0.277,0.0,@CNN,"A dozen prisoners have died in the custody of Mississippi authorities this month and, with the exception of two dea‚Ä¶ https://t.co/JuBp9bt2qu",91
291,0.25,Tue Aug 28 20:16:54 +0000 2018,0.889,0.0,0.111,@CNN,"Without evidence, Trump reiterated claims about Google's search results, saying the company is ""taking advantage of‚Ä¶ https://t.co/leGoaC1RUF",92
292,0.0,Tue Aug 28 20:10:10 +0000 2018,1.0,0.0,0.0,@CNN,"The US Food and Drug Administration has again expanded the list of recalled medications that contain valsartan, use‚Ä¶ https://t.co/pFICM2zkWz",93
293,0.5859,Tue Aug 28 20:05:03 +0000 2018,0.806,0.0,0.194,@CNN,"Sen. Lindsey Graham took to the Senate floor to give an emotional farewell to his friend and colleague, Sen. John M‚Ä¶ https://t.co/SgOTTnb1UX",94
294,-0.765,Tue Aug 28 20:00:12 +0000 2018,0.72,0.28,0.0,@CNN,"The newspaper industry has been fighting tariffs on Canadian paper for months, claiming that they will devastate an‚Ä¶ https://t.co/csHvCRvt4f",95
295,-0.7184,Tue Aug 28 19:40:09 +0000 2018,0.714,0.286,0.0,@CNN,A federal court's rejection of North Carolina's GOP-rigged congressional district map has thrown in doubt 13 voting‚Ä¶ https://t.co/3o7QCOfp2V,96
296,-0.6369,Tue Aug 28 19:30:07 +0000 2018,0.833,0.167,0.0,@CNN,The police officer who fatally shot an unarmed black man in Tulsa now teaches a course on how other cops can 'survi‚Ä¶ https://t.co/JU9By8rEsE,97
297,0.0,Tue Aug 28 19:20:07 +0000 2018,1.0,0.0,0.0,@CNN,Slowed new construction and a short supply of existing homes for sale have pushed housing prices so high that buyer‚Ä¶ https://t.co/bWZHWaDkSK,98
298,-0.2732,Tue Aug 28 19:11:18 +0000 2018,0.763,0.161,0.076,@CNN,"""John taught us how to lose. ... He failed a lot but he never quit."" Sen. Lindsey Graham pays emotional tribute to‚Ä¶ https://t.co/oSobdv1y8M",99
299,0.3612,Tue Aug 28 19:10:38 +0000 2018,0.889,0.0,0.111,@CNN,"RT @CNNPolitics: ""I learned that serving a cause greater than yourself hurts,"" a tearful Sen. Lindsey Graham says. ""He couldn't put his jac‚Ä¶",100
300,0.0,Wed Aug 29 05:45:00 +0000 2018,1.0,0.0,0.0,@FoxNews,FIFA president Gianni Infantino gave @POTUS a yellow and red card during a meeting at the @WhiteHouse Tuesday https://t.co/VA8Lmcfmrr,1
301,-0.3182,Wed Aug 29 05:38:00 +0000 2018,0.784,0.216,0.0,@FoxNews,"'Leave my wife out of it,' Rep. Hunter says about corruption charges: report https://t.co/njeUWMMhLE",2
302,0.0,Wed Aug 29 05:30:00 +0000 2018,1.0,0.0,0.0,@FoxNews,Jim Brown: ‚ÄúThis president is accessible and he‚Äôs different.‚Äù https://t.co/QpLRheFTj8,3
303,-0.3818,Wed Aug 29 05:23:00 +0000 2018,0.86,0.14,0.0,@FoxNews,A man watches lightning from a concourse at Kauffman Stadium during a severe storm before a baseball game between t‚Ä¶ https://t.co/fX3KKkAVSM,4
304,0.4404,Wed Aug 29 05:15:00 +0000 2018,0.847,0.0,0.153,@FoxNews,".@RepDeSantis on @AndrewGillum: ""I'm trying to make Florida even better, he's trying to make Florida Venezuela.""‚Ä¶ https://t.co/8TY0IAFrM0",5
305,0.128,Wed Aug 29 05:07:00 +0000 2018,0.889,0.0,0.111,@FoxNews,Homeless veteran who helped stranded woman takes legal action against couple: report https://t.co/gHAUFQDyaL,6
306,0.0,Wed Aug 29 05:00:00 +0000 2018,1.0,0.0,0.0,@FoxNews,"""It'll ultimately be paid for by Mexico."" ‚Äî @POTUS responded to a question Tuesday about funding a U.S.-Mexico bord‚Ä¶ https://t.co/9sslK4P7F4",7
307,0.0,Wed Aug 29 04:53:00 +0000 2018,1.0,0.0,0.0,@FoxNews,"On #Cavuto, @newtgingrich predicted that President @realDonaldTrump will get reelected because ""the economy, frankl‚Ä¶ https://t.co/LylybTIUFB",8
308,-0.296,Wed Aug 29 04:45:00 +0000 2018,0.82,0.18,0.0,@FoxNews,.@LindseyGrahamSC: ‚ÄúI‚Äôve seen no evidence of collusion after two years.‚Äù https://t.co/BLwK9GiFFU,9
309,0.0,Wed Aug 29 04:38:00 +0000 2018,1.0,0.0,0.0,@FoxNews,"Earthquake east of Los Angeles hits magnitude 4.4, USGS says https://t.co/zMTjSibrsa",10
310,0.0,Wed Aug 29 04:30:00 +0000 2018,1.0,0.0,0.0,@FoxNews,"After he was born at just 22 weeks and spent 160 days in the hospital, a baby boy ‚Äúgraduated‚Äù from the neonatal int‚Ä¶ https://t.co/m0EpY8bQY6",11
311,0.0,Wed Aug 29 04:23:00 +0000 2018,1.0,0.0,0.0,@FoxNews,K-pop band @BTS_twt beats Taylor Swift's YouTube record for most video views in 24 hours with song #IDOL https://t.co/3WYHm6GT5e,12
312,0.0,Wed Aug 29 04:16:44 +0000 2018,1.0,0.0,0.0,@FoxNews,Jim Brown: ‚ÄúWe should never denigrate our flag and our national anthem.‚Äù https://t.co/cBKe4jHAAn,13
313,-0.5994,Wed Aug 29 04:11:38 +0000 2018,0.755,0.245,0.0,@FoxNews,Russia to hold its biggest war games since fall of Soviet Union https://t.co/atP1B7GXnr,14
314,0.6124,Wed Aug 29 04:08:00 +0000 2018,0.75,0.0,0.25,@FoxNews,Comedian Pete Davidson shared his thoughts about working with @realDonaldTrump when he hosted ‚ÄúSaturday Night Live‚Äù‚Ä¶ https://t.co/rTVuIjYFOt,15
315,0.824,Wed Aug 29 04:01:00 +0000 2018,0.619,0.0,0.381,@FoxNews,HEARTWARMING: This golden retriever got the surprise of a lifetime when a special soldier returned home from traini‚Ä¶ https://t.co/cNmkkYq0N8,16
316,-0.34,Wed Aug 29 03:56:39 +0000 2018,0.821,0.179,0.0,@FoxNews,California to become first state eliminating bail for suspects awaiting trial https://t.co/LvMWfzQRJ5,17
317,-0.2006,Wed Aug 29 03:44:37 +0000 2018,0.893,0.107,0.0,@FoxNews,".@jasoninthehouse on Attorney General Jeff Sessions: ""He's been the most ineffective attorney general we've probabl‚Ä¶ https://t.co/VIQDKPA8eZ",18
318,0.5859,Wed Aug 29 03:35:23 +0000 2018,0.808,0.0,0.192,@FoxNews,.@RepMcSally makes remarks after it is projected that she will win the Arizona GOP Senate primary. https://t.co/PZ3HIwa4Xz,19
319,0.8481,Wed Aug 29 03:33:07 +0000 2018,0.62,0.0,0.38,@FoxNews,"JUST IN: Sinema, McSally projected to win Arizona Senate primaries, Ducey keeps reelection hopes alive in governor'‚Ä¶ https://t.co/l7bCNE5S7H",20
320,0.5859,Wed Aug 29 03:30:54 +0000 2018,0.817,0.0,0.183,@FoxNews,"JUST IN: Congresswoman @kyrstensinema will win the Arizona Democratic Senate primary, the Fox News Decision Desk pr‚Ä¶ https://t.co/8lUaP0RrFK",21
321,0.0,Wed Aug 29 03:16:50 +0000 2018,1.0,0.0,0.0,@FoxNews,"DOJ official Bruce Ohr grilled over Trump dossier, Steele ties https://t.co/OCdo7McRWb https://t.co/slAan5iQJA",22
322,0.4404,Wed Aug 29 03:05:00 +0000 2018,0.847,0.0,0.153,@FoxNews,".@RepDeSantis on @AndrewGillum: ""I'm trying to make Florida even better, he's trying to make Florida Venezuela.""‚Ä¶ https://t.co/n6Sf369FlX",23
323,0.4019,Wed Aug 29 03:00:01 +0000 2018,0.856,0.0,0.144,@FoxNews,"Actress @katemara, whose family co-owns the New York @Giants and Pittsburgh @steelers, threw her support behind‚Ä¶ https://t.co/Td4efEKjjd",24
324,0.0,Wed Aug 29 02:52:00 +0000 2018,1.0,0.0,0.0,@FoxNews,"Dog owner who used pet-sitting service says he found shirtless men, lube in living room https://t.co/NPUjbnFHY7",25
325,-0.7964,Wed Aug 29 02:44:00 +0000 2018,0.608,0.392,0.0,@FoxNews,Washington state sees 12th feline mutilated amid fears of a serial cat killer https://t.co/Jw9TE508qY,26
326,0.5719,Wed Aug 29 02:35:12 +0000 2018,0.764,0.0,0.236,@FoxNews,"Tulsa businessman, political novice Kevin Stitt wins GOP primary for Oklahoma governor https://t.co/pBObz3ZKda",27
327,0.0,Wed Aug 29 02:27:03 +0000 2018,1.0,0.0,0.0,@FoxNews,Mystery as woman in T-shirt and possibly shackles appears on Texas homeowner's doorstep https://t.co/gUqY9zCQDW,28
328,-0.6597,Wed Aug 29 02:24:15 +0000 2018,0.484,0.367,0.149,@FoxNews,California mom bitten by 'kissing bug' warns others about danger of 'silent killer' parasitic disease https://t.co/hlzRowjUsF,29
329,0.5719,Wed Aug 29 02:16:33 +0000 2018,0.748,0.0,0.252,@FoxNews,"Donna Shalala, ex-Clinton Cabinet member, wins Dem primary to replace Ros-Lehtinen https://t.co/Gwl4ZmxVd8",30
330,-0.7717,Wed Aug 29 02:02:00 +0000 2018,0.691,0.309,0.0,@FoxNews,"4 Ohio children abducted by mom, believed to be in danger and heading to Florida, police say. https://t.co/ovXuQIVr14",31
331,0.5267,Wed Aug 29 02:00:09 +0000 2018,0.825,0.0,0.175,@FoxNews,Catherine Herridge reports on Justice Department official Bruce Ohr testifying to House lawmakers Tuesday about his‚Ä¶ https://t.co/ZIsRIaH2OD,32
332,0.5719,Wed Aug 29 01:46:29 +0000 2018,0.709,0.0,0.291,@FoxNews,Rep. @RonDeSantisFL wins the Florida GOP gubernatorial primary. https://t.co/sMH3MYFYmb https://t.co/tvxWErCAzi,33
333,0.5719,Wed Aug 29 01:42:55 +0000 2018,0.684,0.0,0.316,@FoxNews,.@FLGovScott wins the Florida GOP Senate primary. https://t.co/sMH3MYFYmb https://t.co/k9vNy6vhbx,34
334,0.5859,Wed Aug 29 01:35:48 +0000 2018,0.808,0.0,0.192,@FoxNews,Tallahassee Mayor @AndrewGillum makes remarks after being projected to win the Democratic primary race for Florida‚Ä¶ https://t.co/7uvutyxQNV,35
335,0.2732,Wed Aug 29 01:30:59 +0000 2018,0.717,0.117,0.166,@FoxNews,"BREAKING: Tallahassee Mayor @AndrewGillum wins the Democratic primary race for Florida governor in an upset, Fox Ne‚Ä¶ https://t.co/r8G24Dhbya",36
336,0.2023,Wed Aug 29 01:16:02 +0000 2018,0.886,0.0,0.114,@FoxNews,Sen. @ChrisCoons: 'Significant Body of Work' From Judge Kavanaugh's Past Yet to Be Reviewed. https://t.co/5b222fk997,37
337,0.4767,Wed Aug 29 01:04:00 +0000 2018,0.829,0.0,0.171,@FoxNews,".@HoustonTexans star @JJWatt's Hurricane Harvey relief helped raise an incredible $41.6 million, a world record for‚Ä¶ https://t.co/H1DOJoLjwb",38
338,0.5859,Wed Aug 29 00:52:55 +0000 2018,0.787,0.0,0.213,@FoxNews,Rep. @RonDeSantisFL makes remarks after being projected to win the Florida GOP gubernatorial primary.‚Ä¶ https://t.co/pR2DIfduow,39
339,0.0772,Wed Aug 29 00:43:21 +0000 2018,0.874,0.0,0.126,@FoxNews,"Viking Cruises bans children, says clients want kid-free vacations https://t.co/36TtTo4pDP",40
340,0.824,Wed Aug 29 00:30:00 +0000 2018,0.619,0.0,0.381,@FoxNews,HEARTWARMING: This golden retriever got the surprise of a lifetime when a special soldier returned home from traini‚Ä¶ https://t.co/517qXUT20J,41
341,0.0,Wed Aug 29 00:26:43 +0000 2018,1.0,0.0,0.0,@FoxNews,Florida Agriculture Commissioner @AdamPutnam concedes to Rep. @RonDeSantisFL in the Florida GOP gubernatorial prima‚Ä¶ https://t.co/yB9pIJvEw3,42
342,0.0,Wed Aug 29 00:22:54 +0000 2018,1.0,0.0,0.0,@FoxNews,Former soccer star says rat ate his foot while he was sleeping https://t.co/j7YuHWgKqY,43
343,-0.296,Wed Aug 29 00:14:14 +0000 2018,0.833,0.167,0.0,@FoxNews,Mom punches homeless woman to stop alleged kidnapping of daughter: records https://t.co/kTA7By9E9g,44
344,0.5719,Wed Aug 29 00:03:50 +0000 2018,0.802,0.0,0.198,@FoxNews,"BREAKING: Trump-backed Florida Rep. DeSantis wins GOP primary race for Florida governor, Fox News projects. https://t.co/1Tn4dpNToH",45
345,-0.6705,Tue Aug 28 23:58:35 +0000 2018,0.703,0.297,0.0,@FoxNews,Missouri becomes first state to issue law protecting citizens from accidentally buying fake meat. https://t.co/qtM6tGsgLm,46
346,-0.4767,Tue Aug 28 23:44:42 +0000 2018,0.795,0.205,0.0,@FoxNews,"MS-13 gang member arrested after he re-entered US illegally, Border Patrol says. https://t.co/JfudMBr3Hp",47
347,-0.5719,Tue Aug 28 23:38:00 +0000 2018,0.829,0.171,0.0,@FoxNews,".@MZHemingway on NC redistricting ruling: ""It throws the entire state into chaos and it disenfranchises an entire s‚Ä¶ https://t.co/MclIbutDdK",48
348,0.0258,Tue Aug 28 23:34:20 +0000 2018,0.922,0.0,0.078,@FoxNews,"Brett Kavanaugh backed by Bob Bennett, Bill Clinton's Paula Jones-era lawyer. (via @nicoledarrah) https://t.co/ifUt1PuDVh",49
349,-0.5267,Tue Aug 28 23:28:45 +0000 2018,0.671,0.238,0.091,@FoxNews,Toddler's death after leaving immigration facility leads to $40 million legal claim. https://t.co/H2dXw2vJuI,50
350,-0.1779,Tue Aug 28 23:20:50 +0000 2018,0.759,0.135,0.105,@FoxNews,.@USCG and @USNavy bomb technicians are working to retrieve what looks like an unexploded mine that was spotted flo‚Ä¶ https://t.co/9nxUVCEhu3,51
351,0.0,Tue Aug 28 23:19:03 +0000 2018,1.0,0.0,0.0,@FoxNews,Google CEO slammed by lawmakers for declining to testify at Senate hearing. https://t.co/TDjJfdQd8r,52
352,0.0258,Tue Aug 28 23:11:53 +0000 2018,0.948,0.0,0.052,@FoxNews,"Sen. @ChrisCoons on calls for postponement of Kavanaugh proceedings: ""At the end of the day what matters here is, a‚Ä¶ https://t.co/3Q9ihRRuFs",53
353,0.7579,Tue Aug 28 22:56:52 +0000 2018,0.548,0.078,0.374,@FoxNews,".@POTUS honors anniversary of MLK 'I Have a Dream' speech touting his policies, hope for America https://t.co/xPX2JgNWF3",54
354,-0.3182,Tue Aug 28 22:49:20 +0000 2018,0.887,0.113,0.0,@FoxNews,"Secretary Mattis: ""We took the step to suspend several of the largest exercises as a good-faith measure coming out‚Ä¶ https://t.co/5VdOHKTBCq",55
355,0.0,Tue Aug 28 22:37:38 +0000 2018,1.0,0.0,0.0,@FoxNews,".@SenatorBerger: ""I think the fairest way to do it is to let the people elect the legislators and let the legislato‚Ä¶ https://t.co/KOlrveb3lO",56
356,0.0,Tue Aug 28 22:26:59 +0000 2018,1.0,0.0,0.0,@FoxNews,Phil Keating reports on the tight gubernatorial race in Florida. #SpecialReport  https://t.co/vRKSDUGh21 https://t.co/07aiV9PzT3,57
357,-0.4019,Tue Aug 28 22:20:42 +0000 2018,0.838,0.162,0.0,@FoxNews,".@pdoocy reports on today's Arizona @GOP Senate primary, including problems with voting machines. #SpecialReport‚Ä¶ https://t.co/SS3reyYSwW",58
358,0.0,Tue Aug 28 22:13:34 +0000 2018,1.0,0.0,0.0,@FoxNews,Parents of baby misdiagnosed with terminal brain condition in utero left fate 'in God's hands'  https://t.co/auuUttgZpU,59
359,0.0772,Tue Aug 28 22:03:25 +0000 2018,0.78,0.099,0.121,@FoxNews,"Florida Senate race between Scott, Nelson expected to be competitive and costly. https://t.co/z1qUScfXfV",60
360,-0.875,Tue Aug 28 21:55:00 +0000 2018,0.5,0.5,0.0,@FoxNews,Pope Francis facing calls to resign; sexual abuse scandal exposes rifts in the Vatican. https://t.co/AAQvL8xpIE,61
361,-0.6486,Tue Aug 28 21:49:00 +0000 2018,0.719,0.281,0.0,@FoxNews,Texas ex-cop Roy Oliver convicted of murdering unarmed teen Jordan Edwards. https://t.co/68b9xg76dM,62
362,-0.34,Tue Aug 28 21:43:00 +0000 2018,0.821,0.179,0.0,@FoxNews,California to become first state eliminating bail for suspects awaiting trial. https://t.co/BNqyCuUQU6,63
363,-0.1531,Tue Aug 28 21:35:51 +0000 2018,0.849,0.151,0.0,@FoxNews,"Trump factor looms large in the Florida gubernatorial primary.
https://t.co/mIB0pTwNlf",64
364,0.0,Tue Aug 28 21:30:13 +0000 2018,1.0,0.0,0.0,@FoxNews,WATCH: Trump 'Red Cards' the Media at White House FIFA Event.  https://t.co/uOIuI6kz7C,65
365,-0.3818,Tue Aug 28 21:23:38 +0000 2018,0.822,0.178,0.0,@FoxNews,Illinois community wants children's restaurant closed after video of fight goes viral. https://t.co/dMGwxxgQuY,66
366,0.2263,Tue Aug 28 21:17:00 +0000 2018,0.863,0.0,0.137,@FoxNews,"STDs hit all-time highs in US for fourth straight year, @CDCgov reports. https://t.co/pjFwidIX6Q",67
367,-0.5719,Tue Aug 28 21:13:18 +0000 2018,0.657,0.343,0.0,@FoxNews,"Texas man stops woman, 94, driving wrong way down highway. https://t.co/X2J9arVl0z",68
368,-0.4019,Tue Aug 28 21:02:58 +0000 2018,0.828,0.172,0.0,@FoxNews,Arizona election officials work to fix problems with voting machines on primary day. https://t.co/QMoJFL3gn8,69
369,0.4404,Tue Aug 28 20:56:49 +0000 2018,0.669,0.105,0.226,@FoxNews,".@newtgingrich: ""If the Democrats win control of the House, it'll be a total mess for two solid years."" #Cavuto https://t.co/ojAg5wvCqN",70
370,0.0,Tue Aug 28 20:45:00 +0000 2018,1.0,0.0,0.0,@FoxNews,".@newtgingrich: ""The left in this country is now in a position where there's not much negotiation. Either they're g‚Ä¶ https://t.co/PJj0t5LdBY",71
371,0.4939,Tue Aug 28 20:42:39 +0000 2018,0.824,0.0,0.176,@FoxNews,".@senrobportman: ""I think this [trade] agreement with Mexico is a step in the right direction."" #Cavuto https://t.co/s3SX4So20Q",72
372,0.0,Tue Aug 28 20:27:42 +0000 2018,1.0,0.0,0.0,@FoxNews,"Cynthia Nixon's team cites sexism over room temperature ahead of Cuomo debate, according to a report. https://t.co/mOUFoia1lo",73
373,0.0,Tue Aug 28 20:21:41 +0000 2018,1.0,0.0,0.0,@FoxNews,Times Square street shut down after bees swarm hot dog stand. https://t.co/p1T6XiKZ2K,74
374,0.0,Tue Aug 28 20:18:53 +0000 2018,1.0,0.0,0.0,@FoxNews,RT @FoxBusiness: AT THE CLOSE: The Nasdaq Composite ends at a new record high for the third consecutive trading day. https://t.co/TFdo1UXGR‚Ä¶,75
375,-0.5994,Tue Aug 28 20:10:29 +0000 2018,0.755,0.245,0.0,@FoxNews,"Puerto Rico governor raises Hurricane Maria death toll from 64 to 2,975. https://t.co/uUadh2nfce",76
376,0.0,Tue Aug 28 20:04:21 +0000 2018,1.0,0.0,0.0,@FoxNews,RT @ShepNewsTeam: Shep is live on Facebook Watch: https://t.co/icjH13MU8v,77
377,0.0,Tue Aug 28 20:02:23 +0000 2018,1.0,0.0,0.0,@FoxNews,.@ShepNewsTeam is live with the ‚ÄòFox News Update‚Äô on Facebook Watch: https://t.co/hNrB8xzepH https://t.co/LPbFC2DBes,78
378,-0.5994,Tue Aug 28 19:53:07 +0000 2018,0.83,0.17,0.0,@FoxNews,RT @ShepNewsTeam: An independent study reveals a higher death toll linked to Hurricane Maria in Puerto Rico than the government estimated.‚Ä¶,79
379,0.0,Tue Aug 28 19:46:00 +0000 2018,1.0,0.0,0.0,@FoxNews,.@POTUS met with FIFA president Gianni Infantino in the Oval Office Tuesday and talked about the 2026 @FIFAWorldCup‚Ä¶ https://t.co/UnGYoFck8v,80
380,0.0,Tue Aug 28 19:40:30 +0000 2018,1.0,0.0,0.0,@FoxNews,"""It'll ultimately be paid for by Mexico."" ‚Äî @POTUS responded to a question Tuesday about funding a U.S.-Mexico bord‚Ä¶ https://t.co/Mh0reHgkbe",81
381,0.0,Tue Aug 28 19:33:31 +0000 2018,1.0,0.0,0.0,@FoxNews,FIFA president Gianni Infantino gave @POTUS a yellow and red card during a meeting at the @WhiteHouse Tuesday https://t.co/8iTnA5feZu,82
382,0.0,Tue Aug 28 19:22:24 +0000 2018,1.0,0.0,0.0,@FoxNews,.@POTUS presented with soccer jerseys during Oval Office meeting on the 2026 @FIFAWorldCup https://t.co/Ixp5xGGWfg,83
383,-0.4019,Tue Aug 28 19:18:40 +0000 2018,0.803,0.197,0.0,@FoxNews,Arizona election officials report problems with voting machines on primary day https://t.co/XWWSyzeqHI,84
384,-0.34,Tue Aug 28 19:10:27 +0000 2018,0.806,0.194,0.0,@FoxNews,"Texan says he's selling 3-D printed gun plans, despite ruling https://t.co/7b2AB7nsyy",85
385,0.0,Tue Aug 28 19:02:55 +0000 2018,1.0,0.0,0.0,@FoxNews,"'He's Full of It': 'Outnumbered' Slams Lanny Davis After He Walks Back Claim About Cohen, Trump &amp; Russia‚Ä¶ https://t.co/a7fPJy2mrU",86
386,0.714,Tue Aug 28 18:38:08 +0000 2018,0.725,0.053,0.222,@FoxNews,".@LindseyGrahamSC remembering Senator John McCain: ""He could be tough but the joy that you received from being with‚Ä¶ https://t.co/vaeHkcRzTD",87
387,0.1027,Tue Aug 28 18:36:55 +0000 2018,0.696,0.143,0.161,@FoxNews,".@LindseyGrahamSC remembering Senator John McCain: ""I learned that failure and success are different sides of the s‚Ä¶ https://t.co/vve5ei9RL1",88
388,0.0,Tue Aug 28 18:31:38 +0000 2018,1.0,0.0,0.0,@FoxNews,".@LindseyGrahamSC on lessons learned from Senator John McCain's service to the country: ""I learned that serving a c‚Ä¶ https://t.co/Qp3jCE3l3x",89
389,0.0,Tue Aug 28 18:29:56 +0000 2018,1.0,0.0,0.0,@FoxNews,".@LindseyGrahamSC on Senator John McCain's concession speech in 2008: ""He healed the nation at a time he was hurt."" https://t.co/Sy5mxhqBQL",90
390,0.4939,Tue Aug 28 18:15:44 +0000 2018,0.842,0.0,0.158,@FoxNews,Senator @LindseyGrahamSC pays tribute to the life and legacy of his friend and colleague Senator John McCain.‚Ä¶ https://t.co/4ZIUfbexnh,91
391,-0.3182,Tue Aug 28 18:06:31 +0000 2018,0.874,0.126,0.0,@FoxNews,"GOP rep touches off firestorm with claim FBI leaked info, used stories to get FISA warrants https://t.co/umb0G035Cw",92
392,0.4019,Tue Aug 28 17:51:58 +0000 2018,0.769,0.0,0.231,@FoxNews,Alabama school's hilarious 'opt out' fundraising letter goes viral https://t.co/V5tMaAm8cH,93
393,-0.1027,Tue Aug 28 17:42:55 +0000 2018,0.924,0.076,0.0,@FoxNews,".@DarrellIssa on DOJ official Bruce Ohr questioned on contacts with anti-Trump dossier author: ""Bruce Ohr is creati‚Ä¶ https://t.co/pmOJQPOiyN",94
394,0.0,Tue Aug 28 17:31:35 +0000 2018,1.0,0.0,0.0,@FoxNews,"Iran's president vows to overcome 'anti-Iranians' in White House, as lawmakers issue public rebuke https://t.co/MIRupiI3bj",95
395,0.0,Tue Aug 28 17:19:26 +0000 2018,1.0,0.0,0.0,@FoxNews,Vets in tech: Silicon Valley must lead the way https://t.co/QrQp8bzmTw,96
396,0.0,Tue Aug 28 17:02:15 +0000 2018,1.0,0.0,0.0,@FoxNews,K-pop band @BTS_twt beats Taylor Swift's YouTube record for most video views in 24 hours with song #IDOL https://t.co/3WYHm6GT5e,97
397,-0.4767,Tue Aug 28 16:56:32 +0000 2018,0.866,0.134,0.0,@FoxNews,"RT @FoxBusiness: Former President Jimmy Carter: ""I don't talk about impeachment. I think that's the wrong thing for Democrats to do."" https‚Ä¶",98
398,0.34,Tue Aug 28 16:56:22 +0000 2018,0.893,0.0,0.107,@FoxNews,"RT @FoxBusiness: Former President Jimmy Carter: ""The president has much less influence over the economy than is certainly publicized by the‚Ä¶",99
399,-0.3612,Tue Aug 28 16:55:42 +0000 2018,0.8,0.2,0.0,@FoxNews,Arizona star pro athletes to participate in John McCain's funeral https://t.co/P1QHT830i3,100
400,0.0,Wed Aug 29 05:45:04 +0000 2018,1.0,0.0,0.0,@nytimes,"‚ÄúMost people with these STDs do not know they are infected‚Äù: New cases of chlamydia, gonorrhea and syphilis have re‚Ä¶ https://t.co/rmY5Gw989k",1
401,0.0,Wed Aug 29 05:30:06 +0000 2018,1.0,0.0,0.0,@nytimes,"For the second time in a week, bags containing what appear to be human remains have been found around a park in the‚Ä¶ https://t.co/O5Jp74yCJa",2
402,0.4019,Wed Aug 29 05:15:09 +0000 2018,0.886,0.0,0.114,@nytimes,"RT @NYTNational: Harrison Fowler went to the Stanford counseling center his freshman year because ‚ÄúI wanted some help for once."" Instead, h‚Ä¶",3
403,0.5719,Wed Aug 29 05:02:06 +0000 2018,0.829,0.0,0.171,@nytimes,"Donna Shalala won her primary in Florida. Before her victory, the Clinton administration veteran told The Times: ""I‚Ä¶ https://t.co/CeUpVM4tav",4
404,0.0,Wed Aug 29 04:47:06 +0000 2018,1.0,0.0,0.0,@nytimes,"In Opinion

Michelle Cottle, a member of the editorial board, writes, Joe Arpaio ""has a long and storied history of‚Ä¶ https://t.co/eQ8twByVCj",5
405,-0.5574,Wed Aug 29 04:32:02 +0000 2018,0.825,0.175,0.0,@nytimes,"Lori Alhadeff, whose 14-year-old daughter, Alyssa, died in the mass shooting at Marjory Stoneman Douglas High Schoo‚Ä¶ https://t.co/nxbtmKmD5p",6
406,0.8519,Wed Aug 29 04:17:03 +0000 2018,0.493,0.0,0.507,@nytimes,Andrew Gillum achieved a stunning come-from-behind win over 4 wealthy Democratic challengers whose personal fortune‚Ä¶ https://t.co/sjDxeubwUW,7
407,0.0,Wed Aug 29 04:03:04 +0000 2018,1.0,0.0,0.0,@nytimes,Arizona primary election live results https://t.co/QXT9GSvAUk,8
408,-0.296,Wed Aug 29 03:56:40 +0000 2018,0.896,0.104,0.0,@nytimes,"Martha McSally is Arizona‚Äôs GOP Senate pick. She beat Joe Arpaio, an ex-sheriff, and Kelli Ward, who critics dismis‚Ä¶ https://t.co/amLjrbtRfN",9
409,-0.1531,Wed Aug 29 03:47:02 +0000 2018,0.728,0.15,0.121,@nytimes,"France's environment minister quits in frustration: ‚ÄúThe planet is becoming a sauna, our natural resources are runn‚Ä¶ https://t.co/LtJqgYx4qE",10
410,-0.4588,Wed Aug 29 03:32:04 +0000 2018,0.833,0.167,0.0,@nytimes,"Missouri has banned producers of plant-based proteins from calling their products meat. 4 organizations have sued,‚Ä¶ https://t.co/q55hnEJqim",11
411,0.0,Wed Aug 29 03:22:21 +0000 2018,1.0,0.0,0.0,@nytimes,First election results are coming in from Arizona. Follow the vote here. https://t.co/YNzZfPw88K,12
412,0.1027,Wed Aug 29 03:17:06 +0000 2018,0.828,0.079,0.093,@nytimes,RT @nytopinion: Donald Trump will be restrained only if his party loses the House or the Senate. That‚Äôs what is at stake in the midterm ele‚Ä¶,13
413,0.0,Wed Aug 29 03:03:04 +0000 2018,1.0,0.0,0.0,@nytimes,An audiotape of President Trump's remarks was provided to The New York Times by someone who attended the event. Her‚Ä¶ https://t.co/dNzVmwK9Ht,14
414,-0.4215,Wed Aug 29 02:51:06 +0000 2018,0.865,0.135,0.0,@nytimes,A burglar broke into a Manhattan penthouse and made off with a briefcase and an iPad belonging to a banker who once‚Ä¶ https://t.co/eKqPGfQ3Az,15
415,-0.5574,Wed Aug 29 02:41:00 +0000 2018,0.805,0.195,0.0,@nytimes,RT @nytimesworld: The journalist provided the editing. The archbishop provided the outrage. The result was a letter that has shaken the Cat‚Ä¶,16
416,0.0,Wed Aug 29 02:31:05 +0000 2018,1.0,0.0,0.0,@nytimes,California passed a bill mandating that 100% of its electricity come from carbon-free sources by 2045. The governor‚Ä¶ https://t.co/Hp7EJcjArH,17
417,0.0,Wed Aug 29 02:17:02 +0000 2018,1.0,0.0,0.0,@nytimes,RT @tylerpager: Social media lit up after @ShaneGoldmacher's story on Cynthia Nixon's debate hall temperature request. The debate continues‚Ä¶,18
418,0.0,Wed Aug 29 02:02:03 +0000 2018,1.0,0.0,0.0,@nytimes,A long-awaited analysis of Hurricane Maria‚Äôs deadly sweep through Puerto Rico prompted the government to sharply in‚Ä¶ https://t.co/M4SwBnSNJJ,19
419,0.0,Wed Aug 29 01:51:05 +0000 2018,1.0,0.0,0.0,@nytimes,Evening Briefing: Here's what you need to know at the end of the day https://t.co/d4ox3hHna5,20
420,0.0,Wed Aug 29 01:42:06 +0000 2018,1.0,0.0,0.0,@nytimes,"RT @jmartNYT: NEW: Fla was already the most consequential swing state.

But DeSantis v Gillum sets up a titanic showdown between a pair of‚Ä¶",21
421,0.0,Wed Aug 29 01:33:00 +0000 2018,1.0,0.0,0.0,@nytimes,See full election results and maps from the Florida primaries https://t.co/FMXJdLfGgu,22
422,0.0,Wed Aug 29 01:21:08 +0000 2018,1.0,0.0,0.0,@nytimes,"Florida's governor race is set: Andrew Gillum, who would be the state‚Äôs first black governor, will face President T‚Ä¶ https://t.co/QJdjrn57YR",23
423,-0.6395,Wed Aug 29 01:17:05 +0000 2018,0.801,0.199,0.0,@nytimes,RT @julieturkewitz: A little boy killed himself not far from my home. I spent this morning with his mom.  https://t.co/WbgtuYVdBb,24
424,0.0,Wed Aug 29 01:02:07 +0000 2018,1.0,0.0,0.0,@nytimes,"Florida primary election live results
https://t.co/uExamQcalZ",25
425,-0.34,Wed Aug 29 00:51:50 +0000 2018,0.813,0.122,0.065,@nytimes,"RT @sheeraf: Got to work with @kateconger on this timely scoop. A group of Facebook employees have started an internal group, arguing that‚Ä¶",26
426,0.5994,Wed Aug 29 00:47:01 +0000 2018,0.776,0.0,0.224,@nytimes,Federal prosecutors and the SEC might have an easier time proving that Rep. Chris Collins committed insider trading‚Ä¶ https://t.co/L2SZUfNu7b,27
427,0.0,Wed Aug 29 00:32:02 +0000 2018,1.0,0.0,0.0,@nytimes,"RT @SarahMaslinNir: It's August, do you know where your city is? https://t.co/GSjQjLKifZ https://t.co/a8vL2Or8Nm",28
428,0.0,Wed Aug 29 00:22:05 +0000 2018,1.0,0.0,0.0,@nytimes,Oklahoma primary runoff election live results https://t.co/PlS0SHWWab,29
429,0.0,Wed Aug 29 00:11:02 +0000 2018,1.0,0.0,0.0,@nytimes,"Ron DeSantis, a once-little known conservative congressman, vaulted to victory in the Florida governor‚Äôs primary on‚Ä¶ https://t.co/5gbb2oSxLl",30
430,0.0,Wed Aug 29 00:02:04 +0000 2018,1.0,0.0,0.0,@nytimes,"Florida primary election live results
https://t.co/vZKTxiT9he",31
431,0.3612,Tue Aug 28 23:51:02 +0000 2018,0.889,0.0,0.111,@nytimes,‚ÄúShe had a smile on her face. She looked at peace.‚Äù Long lines of fans remember Aretha Franklin at a public viewing‚Ä¶ https://t.co/GWSSFzwIx5,32
432,-0.25,Tue Aug 28 23:41:02 +0000 2018,0.909,0.091,0.0,@nytimes,"RT @joshbarone: Three male principal dancers are out at New York City Ballet: 
- Chase Finlay resigned
- Zachary Catazaro and Amar Ramasar‚Ä¶",33
433,-0.2023,Tue Aug 28 23:32:06 +0000 2018,0.676,0.193,0.132,@nytimes,Peter Polansky may be tennis‚Äôs luckiest loser. The Canadian player lost his way into the main draw of all of the Gr‚Ä¶ https://t.co/ScUpCNy0sl,34
434,0.7004,Tue Aug 28 23:17:47 +0000 2018,0.719,0.072,0.209,@nytimes,"RT @shearm: Also, @realDonaldTrump noted that Pastor Jeffress said Trump is not ""the perfect human being, but he‚Äôs the greatest leader for‚Ä¶",35
435,0.3254,Tue Aug 28 23:17:04 +0000 2018,0.896,0.0,0.104,@nytimes,RT @shearm: UPDATED SCOOP: I‚Äôve added a bit more to my story about @realDonaldTrump remarks to evangelicals after getting more audio. POTUS‚Ä¶,36
436,0.0,Tue Aug 28 23:12:13 +0000 2018,1.0,0.0,0.0,@nytimes,First election results are coming in from Florida. Follow the vote here. https://t.co/7RamiEZNDR,37
437,0.0,Tue Aug 28 23:02:08 +0000 2018,1.0,0.0,0.0,@nytimes,Evening Briefing: Here's what you need to know at the end of the day https://t.co/FeQdvkHIMy,38
438,0.6249,Tue Aug 28 22:47:02 +0000 2018,0.653,0.09,0.257,@nytimes,An ex-CIA officer running for Congress in Virginia accused a GOP super PAC of leaking her security clearance papers‚Ä¶ https://t.co/28boJRpMTa,39
439,0.5994,Tue Aug 28 22:31:06 +0000 2018,0.822,0.0,0.178,@nytimes,RT @tackettdc: A former CIA officer turned House candidate in Virginia says that a Republican-aligned Super Pac improperly disclosed her se‚Ä¶,40
440,0.0,Tue Aug 28 22:17:05 +0000 2018,1.0,0.0,0.0,@nytimes,Too many bees (and puns) to count at a Times Square hot dog stand https://t.co/blTQ0iuoi9,41
441,-0.9136,Tue Aug 28 22:00:11 +0000 2018,0.562,0.438,0.0,@nytimes,A white former police officer in Texas was found guilty of murder after fatally shooting 15-year-old Jordan Edwards‚Ä¶ https://t.co/kGBctvVZ8Z,42
442,0.0,Tue Aug 28 21:45:01 +0000 2018,1.0,0.0,0.0,@nytimes,An audiotape of President Trump's remarks was provided to The New York Times by someone who attended the event. Her‚Ä¶ https://t.co/aiyIt5m9mV,43
443,0.836,Tue Aug 28 21:32:04 +0000 2018,0.656,0.0,0.344,@nytimes,"RT @cliffordlevy: @NYTMetro @palafo ‚ÄúIn the bees‚Äô brief brush with fame, they attracted hundreds of onlookers and inspired some embarrassin‚Ä¶",44
444,0.4137,Tue Aug 28 21:17:06 +0000 2018,0.825,0.0,0.175,@nytimes,What occurs during the life of a plant? Do telomeres play a role in longevity? https://t.co/eXGQGmLLh8,45
445,0.3612,Tue Aug 28 21:00:25 +0000 2018,0.828,0.0,0.172,@nytimes,This Greek-style broiled shrimp recipe is ready in just 10 minutes https://t.co/ki2ksaU0Oe https://t.co/9NRxLEPyir,46
446,-0.3818,Tue Aug 28 20:45:08 +0000 2018,0.885,0.115,0.0,@nytimes,"RT @juliehdavis: ""You‚Äôre one election away from losing everything you‚Äôve got,‚Äù Trump told evangelical leaders last night at the White House‚Ä¶",47
447,0.5267,Tue Aug 28 20:35:39 +0000 2018,0.815,0.0,0.185,@nytimes,"In remarks to evangelical ministers, President Trump spoke about religious liberty, abortion and youth unemployment‚Ä¶ https://t.co/eg16hwGq8Q",48
448,0.0,Tue Aug 28 20:27:48 +0000 2018,1.0,0.0,0.0,@nytimes,Correction: A previous version of this tweet included a typo. The tweet pictured below has since been deleted. https://t.co/azsF7Lfaew,49
449,-0.7096,Tue Aug 28 20:18:43 +0000 2018,0.742,0.258,0.0,@nytimes,A books dealer and a library archivist have been accused of stealing about 300 rare books and other artifacts ‚Äî inc‚Ä¶ https://t.co/M9EMmQwipn,50
450,0.0,Tue Aug 28 20:15:05 +0000 2018,1.0,0.0,0.0,@nytimes,RT @TimHerrera: We're all afraid to talk about money. Here's how to break the taboo https://t.co/5hcf8aA70H by @thewildwong,51
451,-0.25,Tue Aug 28 20:00:14 +0000 2018,0.889,0.111,0.0,@nytimes,"France's environment minister resigned during a live radio interview, saying the government was not doing enough to‚Ä¶ https://t.co/HtnUX4Cp1o",52
452,0.0,Tue Aug 28 19:45:05 +0000 2018,1.0,0.0,0.0,@nytimes,"‚ÄúAs a Democrat in Arizona, I voted for McCain as senator because I felt he was a leader for all.‚Äù Democratic reader‚Ä¶ https://t.co/638u9MCxU9",53
453,-0.5994,Tue Aug 28 19:30:05 +0000 2018,0.822,0.178,0.0,@nytimes,"52 Places Traveler: A pilgrimage to Ypres, a small city in Belgium where the remembrance of World War I is ritualiz‚Ä¶ https://t.co/DtbOAnPdZn",54
454,0.0,Tue Aug 28 19:15:01 +0000 2018,1.0,0.0,0.0,@nytimes,"Nearly 3,000 more deaths than expected occurred in the months after Hurricane Maria, a new report says https://t.co/f9rgnZT9Tj",55
455,0.0,Tue Aug 28 19:07:05 +0000 2018,1.0,0.0,0.0,@nytimes,"RT @thunderwooddd: Today's the day! More than 20,000 people applied to work with me on The Edit, a @nytimes newsletter for college students‚Ä¶",56
456,-0.5267,Tue Aug 28 19:00:08 +0000 2018,0.804,0.196,0.0,@nytimes,"Over the years, Ethan Hawke somehow worn his critics down with his earnestness and his dedication and his sincerity‚Ä¶ https://t.co/fMFjE1rMZ1",57
457,0.6369,Tue Aug 28 18:55:28 +0000 2018,0.625,0.0,0.375,@nytimes,RT @NYTmag: Bees love protein patties. https://t.co/RcSjKfDQ0k https://t.co/TzxcHxonkF,58
458,0.3612,Tue Aug 28 18:45:05 +0000 2018,0.902,0.0,0.098,@nytimes,"‚ÄúThe reason Elon seems to attract drama is that he is so transparent, so open, in a way that can come back to bite‚Ä¶ https://t.co/8O6BlhFGCy",59
459,0.0,Tue Aug 28 18:30:06 +0000 2018,1.0,0.0,0.0,@nytimes,From cocktail hideways to a taste of West Africa: Here are 15 fall New York City restaurant openings you should kno‚Ä¶ https://t.co/L4EmLPJb3K,60
460,0.0,Tue Aug 28 18:25:06 +0000 2018,1.0,0.0,0.0,@nytimes,RT @tmagazine: How the common weed has grown on florists (and chefs) https://t.co/E36G3I26pW https://t.co/tssJmLiE4D,61
461,0.0,Tue Aug 28 18:22:58 +0000 2018,1.0,0.0,0.0,@nytimes,"""We were two journalists with four cameras, a microphone, a tripod and notebooks trying to be unobtrusive amid the‚Ä¶ https://t.co/t9v50qS1c0",62
462,0.4019,Tue Aug 28 18:15:07 +0000 2018,0.821,0.0,0.179,@nytimes,Canada's foreign minister rushed to Washington as top trade officials reiterated that the U.S. is prepared to leave‚Ä¶ https://t.co/Tu9USBNbGn,63
463,0.0,Tue Aug 28 18:04:04 +0000 2018,1.0,0.0,0.0,@nytimes,Oklahoma primary runoff election results. Follow along here. https://t.co/0fkYghQPMh,64
464,0.0,Tue Aug 28 18:02:03 +0000 2018,1.0,0.0,0.0,@nytimes,Arizona primary election results. Follow along here. https://t.co/xRVhugVtxE,65
465,0.0,Tue Aug 28 18:00:08 +0000 2018,1.0,0.0,0.0,@nytimes,Florida primary election results. Follow along here. https://t.co/FxaswRkfwi,66
466,-0.1531,Tue Aug 28 17:30:08 +0000 2018,0.938,0.062,0.0,@nytimes,"RT @adeelnyt: Emmett Till, 14, entered a white-owned store in Money, Miss. for less than one minute. It cost him his life 63 years ago toda‚Ä¶",67
467,-0.3724,Tue Aug 28 17:20:06 +0000 2018,0.876,0.124,0.0,@nytimes,"The president of the French Tennis Federation said Serena Williams' catsuit ""didn't respect the game."" But that rai‚Ä¶ https://t.co/OByhj6OrgN",68
468,0.3182,Tue Aug 28 17:10:09 +0000 2018,0.897,0.0,0.103,@nytimes,RT @ShaneGoldmacher: Some context on this: Cuomo keeps his offices icy cool. The NYT first wrote about it (hey @Liz_A_Harris: https://t.co/‚Ä¶,69
469,-0.25,Tue Aug 28 17:00:06 +0000 2018,0.9,0.1,0.0,@nytimes,Our Moscow correspondent examines how the Kremlin and its propaganda machine cast John McCain as the central protag‚Ä¶ https://t.co/bW4ZpPWlb0,70
470,0.0,Tue Aug 28 16:45:04 +0000 2018,1.0,0.0,0.0,@nytimes,"In Opinion

Jack Shenker writes, ""Since the Brexit referendum, we‚Äôve seen the emergence of a host of abstract nouns‚Ä¶ https://t.co/SO2I55ALq5",71
471,0.0,Tue Aug 28 16:40:07 +0000 2018,1.0,0.0,0.0,@nytimes,"RT @nytimesarts: Earlier this year, Abby Schachner ‚Äî one of five women who came forward to detail Louis C.K.'s inappropriate behavior ‚Äî spo‚Ä¶",72
472,0.7506,Tue Aug 28 16:30:09 +0000 2018,0.748,0.0,0.252,@nytimes,"RT @NYTmag: ""Serena‚Äôs excellence comes with the ability to imagine herself achieving a new kind of history for all of us."" https://t.co/9dr‚Ä¶",73
473,0.1779,Tue Aug 28 16:15:10 +0000 2018,0.788,0.091,0.12,@nytimes,You know that study that said no amount of alcohol is safe to drink? It's more complicated than you think. https://t.co/87fPUJmOW0,74
474,0.0,Tue Aug 28 16:00:13 +0000 2018,1.0,0.0,0.0,@nytimes,Andrew Cuomo and Cynthia Nixon are set to have their first and only debate on Wednesday. But before they even take‚Ä¶ https://t.co/XWwD2vVRID,75
475,0.0,Tue Aug 28 15:52:01 +0000 2018,1.0,0.0,0.0,@nytimes,Day 2 of the U.S. Open has started. Here's what to watch. https://t.co/DGwnJ7vHT0,76
476,-0.765,Tue Aug 28 15:45:10 +0000 2018,0.708,0.292,0.0,@nytimes,"A group of students is suing Stanford, alleging that after reporting suicidal thoughts, they were required to withd‚Ä¶ https://t.co/MmGMhOz9pK",77
477,0.4215,Tue Aug 28 15:30:08 +0000 2018,0.851,0.0,0.149,@nytimes,Cultural treasures and art ‚Äî¬†including Neil Armstrong's spacesuit ‚Äî¬†are slowly disintegrating as the plastic that c‚Ä¶ https://t.co/lcBCIlktQ9,78
478,-0.6997,Tue Aug 28 15:20:07 +0000 2018,0.757,0.243,0.0,@nytimes,Rotten Tomatoes has added 200 more critics in an effort to be more inclusive to female and minority voices https://t.co/6geGHOeBxm,79
479,-0.4019,Tue Aug 28 15:10:07 +0000 2018,0.87,0.13,0.0,@nytimes,"Mysticism is taking over the internet, from astrology memes to Instagram crystals. Is it all nonsense or a much-nee‚Ä¶ https://t.co/xbSMCqKb7z",80
480,-0.8316,Tue Aug 28 15:00:09 +0000 2018,0.672,0.328,0.0,@nytimes,"RT @nytimesworld: When an 11-year-old Dutch schoolboy was murdered in 1998, no DNA matches were found for a potential suspect. Now, a natio‚Ä¶",81
481,0.5106,Tue Aug 28 14:44:05 +0000 2018,0.845,0.0,0.155,@nytimes,"A group of migrants were caught illegally entering the Australian mainland by sea this week, after they survived a‚Ä¶ https://t.co/d73rMlrDY6",82
482,-0.6486,Tue Aug 28 14:29:03 +0000 2018,0.791,0.209,0.0,@nytimes,"Over a few short August days, all the anxiety and rage of 1968 exploded in the streets of Chicago. Fifty years late‚Ä¶ https://t.co/jf18FKvpn2",83
483,-0.4588,Tue Aug 28 14:00:07 +0000 2018,0.85,0.15,0.0,@nytimes,President Trump attacked Google for what he claimed was an effort to intentionally suppress conservative views supp‚Ä¶ https://t.co/qqGRsthAEG,84
484,-0.3818,Tue Aug 28 13:50:03 +0000 2018,0.874,0.126,0.0,@nytimes,Charles Kushner and Michael Cohen face scrutiny in New York for claims that they falsified construction permits in‚Ä¶ https://t.co/kpc42w8BUq,85
485,0.6124,Tue Aug 28 13:40:03 +0000 2018,0.75,0.0,0.25,@nytimes,"Louis C.K., who admitted to sexual misconduct last year, was greeted with an ovation at the Comedy Cellar on Sunday‚Ä¶ https://t.co/LBH63RlLhE",86
486,0.2023,Tue Aug 28 13:15:08 +0000 2018,0.833,0.0,0.167,@nytimes,Talking about money is important. So how do we begin?https://t.co/t1egXSyjy4,87
487,0.0,Tue Aug 28 13:00:08 +0000 2018,1.0,0.0,0.0,@nytimes,Morning Briefing: Here's what you need to know to start your day https://t.co/26TQMgidy4 https://t.co/hSEYsnMRx3,88
488,0.25,Tue Aug 28 12:45:04 +0000 2018,0.889,0.0,0.111,@nytimes,Scientists from the University of Delaware have created a hearing test for ducks. Here's what they found. https://t.co/YPm3iEa4Og,89
489,0.0,Tue Aug 28 12:30:17 +0000 2018,1.0,0.0,0.0,@nytimes,This commuter bus took nearly 3 hours to get to Manhattan. It was the express. https://t.co/LsiEF1PsKh https://t.co/EdxzmyW7IR,90
490,-0.836,Tue Aug 28 12:14:04 +0000 2018,0.502,0.391,0.108,@nytimes,An ideologically motivated opposition has weaponized the church's sex abuse crisis to threaten not only Francis' ag‚Ä¶ https://t.co/ivdGC6GGCm,91
491,-0.2263,Tue Aug 28 12:01:04 +0000 2018,0.881,0.119,0.0,@nytimes,"Protesters flashing Nazi salutes and shouting ""Foreigners out"" clashed Monday night with counterdemonstrators chant‚Ä¶ https://t.co/MS070RKoNq",92
492,-0.296,Tue Aug 28 11:44:06 +0000 2018,0.885,0.115,0.0,@nytimes,"""Our mothers here, they come for help,"" a pediatrician said. ""And you pity them. You can't do anything."" https://t.co/7Jd2v253xi",93
493,-0.4588,Tue Aug 28 11:31:05 +0000 2018,0.864,0.136,0.0,@nytimes,Joe Arpaio grimaced as he called himself ‚Äústupid‚Äù for being pranked by Sacha Baron Cohen. He thundered against poll‚Ä¶ https://t.co/XQU1pAq6Iv,94
494,-0.5994,Tue Aug 28 11:21:05 +0000 2018,0.642,0.358,0.0,@nytimes,The war inside the Catholic Church https://t.co/6RtEAqXbwJ https://t.co/ZsMXbFcJCk,95
495,0.4576,Tue Aug 28 11:10:05 +0000 2018,0.824,0.0,0.176,@nytimes,Arizona and Florida have primaries today. Here are the most interesting races to watch. https://t.co/CzAD0zzyWr,96
496,0.4939,Tue Aug 28 11:00:11 +0000 2018,0.868,0.0,0.132,@nytimes,Thousands of Americans will turn out this week to honor and reflect on Senator John McCain's life. Here's how to pa‚Ä¶ https://t.co/Q7KZOoP5HV,97
497,0.0,Tue Aug 28 10:45:07 +0000 2018,1.0,0.0,0.0,@nytimes,Morning¬†Briefing: Here's what you need to know to start your day https://t.co/lH3IdfwKWR https://t.co/R8QBWpo21b,98
498,0.0,Tue Aug 28 10:31:03 +0000 2018,1.0,0.0,0.0,@nytimes,An archbishop released a letter claiming that Pope Francis knew of sexual misconduct by Cardinal Theodore McCarrick‚Ä¶ https://t.co/N0sqJ0xMtD,99
499,-0.128,Tue Aug 28 10:15:03 +0000 2018,0.599,0.216,0.186,@nytimes,"""I lived and died a proud American."" Senator John McCain's farewell statement: https://t.co/rjtL3BgGvQ",100
